npm notice This endpoint is being retired. Use the bulk advisory endpoint instead. See the following docs for more info: https://api-docs.npmjs.com/#tag/Audit
=== npm audit security report ===                        
                                                                                
# Run  npm install --save-dev @angular-devkit/build-angular@21.2.23  to resolve 46 vulnerabilities
SEMVER WARNING: Recommended action is a potentially breaking change
┌───────────────┬──────────────────────────────────────────────────────────────┐
│ High          │ Path traversal in webpack-dev-middleware                     │
├───────────────┼──────────────────────────────────────────────────────────────┤
│ Package       │ webpack-dev-middleware                                       │
├───────────────┼──────────────────────────────────────────────────────────────┤
│ Dependency of │ @angular-devkit/build-angular [dev]                          │
├───────────────┼──────────────────────────────────────────────────────────────┤
│ Path          │ @angular-devkit/build-angular > webpack-dev-middleware       │
├───────────────┼──────────────────────────────────────────────────────────────┤
│ More info     │ https://github.com/advisories/GHSA-wr3j-pwj9-hqq6            │
└───────────────┴──────────────────────────────────────────────────────────────┘


┌───────────────┬──────────────────────────────────────────────────────────────┐
│ Moderate      │ Webpack's AutoPublicPathRuntimeModule has a DOM Clobbering   │
│               │ Gadget that leads to XSS                                     │
├───────────────┼──────────────────────────────────────────────────────────────┤
│ Package       │ webpack                                                      │
├───────────────┼──────────────────────────────────────────────────────────────┤
│ Dependency of │ @angular-devkit/build-angular [dev]                          │
├───────────────┼──────────────────────────────────────────────────────────────┤
│ Path          │ @angular-devkit/build-angular > webpack                      │
├───────────────┼──────────────────────────────────────────────────────────────┤
│ More info     │ https://github.com/advisories/GHSA-4vvj-4cpr-p986            │
└───────────────┴──────────────────────────────────────────────────────────────┘


┌───────────────┬──────────────────────────────────────────────────────────────┐
│ Moderate      │ esbuild enables any website to send any requests to the      │
│               │ development server and read the response                     │
├───────────────┼──────────────────────────────────────────────────────────────┤
│ Package       │ esbuild                                                      │
├───────────────┼──────────────────────────────────────────────────────────────┤
│ Dependency of │ @angular-devkit/build-angular [dev]                          │
├───────────────┼──────────────────────────────────────────────────────────────┤
│ Path          │ @angular-devkit/build-angular > esbuild                      │
├───────────────┼──────────────────────────────────────────────────────────────┤
│ More info     │ https://github.com/advisories/GHSA-67mh-4wv8-2f99            │
└───────────────┴──────────────────────────────────────────────────────────────┘


┌───────────────┬──────────────────────────────────────────────────────────────┐
│ Moderate      │ Babel has inefficient RegExp complexity in generated code    │
│               │ with .replace when transpiling named capturing groups        │
├───────────────┼──────────────────────────────────────────────────────────────┤
│ Package       │ @babel/runtime                                               │
├───────────────┼──────────────────────────────────────────────────────────────┤
│ Dependency of │ @angular-devkit/build-angular [dev]                          │
├───────────────┼──────────────────────────────────────────────────────────────┤
│ Path          │ @angular-devkit/build-angular > @babel/runtime               │
├───────────────┼──────────────────────────────────────────────────────────────┤
│ More info     │ https://github.com/advisories/GHSA-968p-4wvh-cqc8            │
└───────────────┴──────────────────────────────────────────────────────────────┘


┌───────────────┬──────────────────────────────────────────────────────────────┐
│ Moderate      │ webpack-dev-server users' source code may be stolen when     │
│               │ they access a malicious web site with non-Chromium based     │
│               │ browser                                                      │
├───────────────┼──────────────────────────────────────────────────────────────┤
│ Package       │ webpack-dev-server                                           │
├───────────────┼──────────────────────────────────────────────────────────────┤
│ Dependency of │ @angular-devkit/build-angular [dev]                          │
├───────────────┼──────────────────────────────────────────────────────────────┤
│ Path          │ @angular-devkit/build-angular > webpack-dev-server           │
├───────────────┼──────────────────────────────────────────────────────────────┤
│ More info     │ https://github.com/advisories/GHSA-9jgg-88mc-972h            │
└───────────────┴──────────────────────────────────────────────────────────────┘


┌───────────────┬──────────────────────────────────────────────────────────────┐
│ Moderate      │ webpack-dev-server users' source code may be stolen when     │
│               │ they access a malicious web site                             │
├───────────────┼──────────────────────────────────────────────────────────────┤
│ Package       │ webpack-dev-server                                           │
├───────────────┼──────────────────────────────────────────────────────────────┤
│ Dependency of │ @angular-devkit/build-angular [dev]                          │
├───────────────┼──────────────────────────────────────────────────────────────┤
│ Path          │ @angular-devkit/build-angular > webpack-dev-server           │
├───────────────┼──────────────────────────────────────────────────────────────┤
│ More info     │ https://github.com/advisories/GHSA-4v9v-hfq4-rm2v            │
└───────────────┴──────────────────────────────────────────────────────────────┘


┌───────────────┬──────────────────────────────────────────────────────────────┐
│ Low           │ tmp allows arbitrary temporary file / directory write via    │
│               │ symbolic link `dir` parameter                                │
├───────────────┼──────────────────────────────────────────────────────────────┤
│ Package       │ tmp                                                          │
├───────────────┼──────────────────────────────────────────────────────────────┤
│ Dependency of │ @angular-devkit/build-angular [dev]                          │
├───────────────┼──────────────────────────────────────────────────────────────┤
│ Path          │ @angular-devkit/build-angular > inquirer > external-editor > │
│               │ tmp                                                          │
├───────────────┼──────────────────────────────────────────────────────────────┤
│ More info     │ https://github.com/advisories/GHSA-52f5-9888-hmc6            │
└───────────────┴──────────────────────────────────────────────────────────────┘


┌───────────────┬──────────────────────────────────────────────────────────────┐
│ High          │ node-tar Vulnerable to Arbitrary File Creation/Overwrite via │
│               │ Hardlink Path Traversal                                      │
├───────────────┼──────────────────────────────────────────────────────────────┤
│ Package       │ tar                                                          │
├───────────────┼──────────────────────────────────────────────────────────────┤
│ Dependency of │ @angular-devkit/build-angular [dev]                          │
├───────────────┼──────────────────────────────────────────────────────────────┤
│ Path          │ @angular-devkit/build-angular > cacache > tar                │
├───────────────┼──────────────────────────────────────────────────────────────┤
│ More info     │ https://github.com/advisories/GHSA-34x7-hfp2-rc4v            │
└───────────────┴──────────────────────────────────────────────────────────────┘


┌───────────────┬──────────────────────────────────────────────────────────────┐
│ Low           │ webpack buildHttp: allowedUris allow-list bypass via URL     │
│               │ userinfo (@) leading to build-time SSRF behavior             │
├───────────────┼──────────────────────────────────────────────────────────────┤
│ Package       │ webpack                                                      │
├───────────────┼──────────────────────────────────────────────────────────────┤
│ Dependency of │ @angular-devkit/build-angular [dev]                          │
├───────────────┼──────────────────────────────────────────────────────────────┤
│ Path          │ @angular-devkit/build-angular > webpack                      │
├───────────────┼──────────────────────────────────────────────────────────────┤
│ More info     │ https://github.com/advisories/GHSA-8fgc-7cc6-rx7x            │
└───────────────┴──────────────────────────────────────────────────────────────┘


┌───────────────┬──────────────────────────────────────────────────────────────┐
│ Low           │ webpack buildHttp HttpUriPlugin allowedUris bypass via HTTP  │
│               │ redirects → SSRF + cache persistence                         │
├───────────────┼──────────────────────────────────────────────────────────────┤
│ Package       │ webpack                                                      │
├───────────────┼──────────────────────────────────────────────────────────────┤
│ Dependency of │ @angular-devkit/build-angular [dev]                          │
├───────────────┼──────────────────────────────────────────────────────────────┤
│ Path          │ @angular-devkit/build-angular > webpack                      │
├───────────────┼──────────────────────────────────────────────────────────────┤
│ More info     │ https://github.com/advisories/GHSA-38r7-794h-5758            │
└───────────────┴──────────────────────────────────────────────────────────────┘


┌───────────────┬──────────────────────────────────────────────────────────────┐
│ High          │ node-tar is Vulnerable to Arbitrary File Overwrite and       │
│               │ Symlink Poisoning via Insufficient Path Sanitization         │
├───────────────┼──────────────────────────────────────────────────────────────┤
│ Package       │ tar                                                          │
├───────────────┼──────────────────────────────────────────────────────────────┤
│ Dependency of │ @angular-devkit/build-angular [dev]                          │
├───────────────┼──────────────────────────────────────────────────────────────┤
│ Path          │ @angular-devkit/build-angular > cacache > tar                │
├───────────────┼──────────────────────────────────────────────────────────────┤
│ More info     │ https://github.com/advisories/GHSA-8qq5-rm4j-mr97            │
└───────────────┴──────────────────────────────────────────────────────────────┘


┌───────────────┬──────────────────────────────────────────────────────────────┐
│ High          │ Arbitrary File Read/Write via Hardlink Target Escape Through │
│               │ Symlink Chain in node-tar Extraction                         │
├───────────────┼──────────────────────────────────────────────────────────────┤
│ Package       │ tar                                                          │
├───────────────┼──────────────────────────────────────────────────────────────┤
│ Dependency of │ @angular-devkit/build-angular [dev]                          │
├───────────────┼──────────────────────────────────────────────────────────────┤
│ Path          │ @angular-devkit/build-angular > cacache > tar                │
├───────────────┼──────────────────────────────────────────────────────────────┤
│ More info     │ https://github.com/advisories/GHSA-83g3-92jg-28cx            │
└───────────────┴──────────────────────────────────────────────────────────────┘


┌───────────────┬──────────────────────────────────────────────────────────────┐
│ High          │ minimatch has a ReDoS via repeated wildcards with            │
│               │ non-matching literal in pattern                              │
├───────────────┼──────────────────────────────────────────────────────────────┤
│ Package       │ minimatch                                                    │
├───────────────┼──────────────────────────────────────────────────────────────┤
│ Dependency of │ @angular-devkit/build-angular [dev]                          │
├───────────────┼──────────────────────────────────────────────────────────────┤
│ Path          │ @angular-devkit/build-angular > minimatch                    │
├───────────────┼──────────────────────────────────────────────────────────────┤
│ More info     │ https://github.com/advisories/GHSA-3ppc-4f35-3m26            │
└───────────────┴──────────────────────────────────────────────────────────────┘


┌───────────────┬──────────────────────────────────────────────────────────────┐
│ High          │ minimatch has a ReDoS via repeated wildcards with            │
│               │ non-matching literal in pattern                              │
├───────────────┼──────────────────────────────────────────────────────────────┤
│ Package       │ minimatch                                                    │
├───────────────┼──────────────────────────────────────────────────────────────┤
│ Dependency of │ @angular-devkit/build-angular [dev]                          │
├───────────────┼──────────────────────────────────────────────────────────────┤
│ Path          │ @angular-devkit/build-angular > glob > minimatch             │
├───────────────┼──────────────────────────────────────────────────────────────┤
│ More info     │ https://github.com/advisories/GHSA-3ppc-4f35-3m26            │
└───────────────┴──────────────────────────────────────────────────────────────┘


┌───────────────┬──────────────────────────────────────────────────────────────┐
│ High          │ minimatch has a ReDoS via repeated wildcards with            │
│               │ non-matching literal in pattern                              │
├───────────────┼──────────────────────────────────────────────────────────────┤
│ Package       │ minimatch                                                    │
├───────────────┼──────────────────────────────────────────────────────────────┤
│ Dependency of │ @angular-devkit/build-angular [dev]                          │
├───────────────┼──────────────────────────────────────────────────────────────┤
│ Path          │ @angular-devkit/build-angular > cacache > glob > minimatch   │
├───────────────┼──────────────────────────────────────────────────────────────┤
│ More info     │ https://github.com/advisories/GHSA-3ppc-4f35-3m26            │
└───────────────┴──────────────────────────────────────────────────────────────┘


┌───────────────┬──────────────────────────────────────────────────────────────┐
│ High          │ minimatch has ReDoS: matchOne() combinatorial backtracking   │
│               │ via multiple non-adjacent GLOBSTAR segments                  │
├───────────────┼──────────────────────────────────────────────────────────────┤
│ Package       │ minimatch                                                    │
├───────────────┼──────────────────────────────────────────────────────────────┤
│ Dependency of │ @angular-devkit/build-angular [dev]                          │
├───────────────┼──────────────────────────────────────────────────────────────┤
│ Path          │ @angular-devkit/build-angular > minimatch                    │
├───────────────┼──────────────────────────────────────────────────────────────┤
│ More info     │ https://github.com/advisories/GHSA-7r86-cg39-jmmj            │
└───────────────┴──────────────────────────────────────────────────────────────┘


┌───────────────┬──────────────────────────────────────────────────────────────┐
│ High          │ minimatch has ReDoS: matchOne() combinatorial backtracking   │
│               │ via multiple non-adjacent GLOBSTAR segments                  │
├───────────────┼──────────────────────────────────────────────────────────────┤
│ Package       │ minimatch                                                    │
├───────────────┼──────────────────────────────────────────────────────────────┤
│ Dependency of │ @angular-devkit/build-angular [dev]                          │
├───────────────┼──────────────────────────────────────────────────────────────┤
│ Path          │ @angular-devkit/build-angular > glob > minimatch             │
├───────────────┼──────────────────────────────────────────────────────────────┤
│ More info     │ https://github.com/advisories/GHSA-7r86-cg39-jmmj            │
└───────────────┴──────────────────────────────────────────────────────────────┘


┌───────────────┬──────────────────────────────────────────────────────────────┐
│ High          │ minimatch has ReDoS: matchOne() combinatorial backtracking   │
│               │ via multiple non-adjacent GLOBSTAR segments                  │
├───────────────┼──────────────────────────────────────────────────────────────┤
│ Package       │ minimatch                                                    │
├───────────────┼──────────────────────────────────────────────────────────────┤
│ Dependency of │ @angular-devkit/build-angular [dev]                          │
├───────────────┼──────────────────────────────────────────────────────────────┤
│ Path          │ @angular-devkit/build-angular > cacache > glob > minimatch   │
├───────────────┼──────────────────────────────────────────────────────────────┤
│ More info     │ https://github.com/advisories/GHSA-7r86-cg39-jmmj            │
└───────────────┴──────────────────────────────────────────────────────────────┘


┌───────────────┬──────────────────────────────────────────────────────────────┐
│ High          │ minimatch ReDoS: nested *() extglobs generate                │
│               │ catastrophically backtracking regular expressions            │
├───────────────┼──────────────────────────────────────────────────────────────┤
│ Package       │ minimatch                                                    │
├───────────────┼──────────────────────────────────────────────────────────────┤
│ Dependency of │ @angular-devkit/build-angular [dev]                          │
├───────────────┼──────────────────────────────────────────────────────────────┤
│ Path          │ @angular-devkit/build-angular > minimatch                    │
├───────────────┼──────────────────────────────────────────────────────────────┤
│ More info     │ https://github.com/advisories/GHSA-23c5-xmqv-rm74            │
└───────────────┴──────────────────────────────────────────────────────────────┘


┌───────────────┬──────────────────────────────────────────────────────────────┐
│ High          │ minimatch ReDoS: nested *() extglobs generate                │
│               │ catastrophically backtracking regular expressions            │
├───────────────┼──────────────────────────────────────────────────────────────┤
│ Package       │ minimatch                                                    │
├───────────────┼──────────────────────────────────────────────────────────────┤
│ Dependency of │ @angular-devkit/build-angular [dev]                          │
├───────────────┼──────────────────────────────────────────────────────────────┤
│ Path          │ @angular-devkit/build-angular > glob > minimatch             │
├───────────────┼──────────────────────────────────────────────────────────────┤
│ More info     │ https://github.com/advisories/GHSA-23c5-xmqv-rm74            │
└───────────────┴──────────────────────────────────────────────────────────────┘


┌───────────────┬──────────────────────────────────────────────────────────────┐
│ High          │ minimatch ReDoS: nested *() extglobs generate                │
│               │ catastrophically backtracking regular expressions            │
├───────────────┼──────────────────────────────────────────────────────────────┤
│ Package       │ minimatch                                                    │
├───────────────┼──────────────────────────────────────────────────────────────┤
│ Dependency of │ @angular-devkit/build-angular [dev]                          │
├───────────────┼──────────────────────────────────────────────────────────────┤
│ Path          │ @angular-devkit/build-angular > cacache > glob > minimatch   │
├───────────────┼──────────────────────────────────────────────────────────────┤
│ More info     │ https://github.com/advisories/GHSA-23c5-xmqv-rm74            │
└───────────────┴──────────────────────────────────────────────────────────────┘


┌───────────────┬──────────────────────────────────────────────────────────────┐
│ High          │ Serialize JavaScript is Vulnerable to RCE via RegExp.flags   │
│               │ and Date.prototype.toISOString()                             │
├───────────────┼──────────────────────────────────────────────────────────────┤
│ Package       │ serialize-javascript                                         │
├───────────────┼──────────────────────────────────────────────────────────────┤
│ Dependency of │ @angular-devkit/build-angular [dev]                          │
├───────────────┼──────────────────────────────────────────────────────────────┤
│ Path          │ @angular-devkit/build-angular > copy-webpack-plugin >        │
│               │ serialize-javascript                                         │
├───────────────┼──────────────────────────────────────────────────────────────┤
│ More info     │ https://github.com/advisories/GHSA-5c6j-r48x-rmvq            │
└───────────────┴──────────────────────────────────────────────────────────────┘


┌───────────────┬──────────────────────────────────────────────────────────────┐
│ Moderate      │ ajv has ReDoS when using `$data` option                      │
├───────────────┼──────────────────────────────────────────────────────────────┤
│ Package       │ ajv                                                          │
├───────────────┼──────────────────────────────────────────────────────────────┤
│ Dependency of │ @angular-devkit/build-angular [dev]                          │
├───────────────┼──────────────────────────────────────────────────────────────┤
│ Path          │ @angular-devkit/build-angular > @angular-devkit/core > ajv   │
├───────────────┼──────────────────────────────────────────────────────────────┤
│ More info     │ https://github.com/advisories/GHSA-2g4f-4pwh-qvx6            │
└───────────────┴──────────────────────────────────────────────────────────────┘


┌───────────────┬──────────────────────────────────────────────────────────────┐
│ Moderate      │ ajv has ReDoS when using `$data` option                      │
├───────────────┼──────────────────────────────────────────────────────────────┤
│ Package       │ ajv                                                          │
├───────────────┼──────────────────────────────────────────────────────────────┤
│ Dependency of │ @angular-devkit/build-angular [dev]                          │
├───────────────┼──────────────────────────────────────────────────────────────┤
│ Path          │ @angular-devkit/build-angular > @angular-devkit/architect >  │
│               │ @angular-devkit/core > ajv                                   │
├───────────────┼──────────────────────────────────────────────────────────────┤
│ More info     │ https://github.com/advisories/GHSA-2g4f-4pwh-qvx6            │
└───────────────┴──────────────────────────────────────────────────────────────┘


┌───────────────┬──────────────────────────────────────────────────────────────┐
│ Moderate      │ ajv has ReDoS when using `$data` option                      │
├───────────────┼──────────────────────────────────────────────────────────────┤
│ Package       │ ajv                                                          │
├───────────────┼──────────────────────────────────────────────────────────────┤
│ Dependency of │ @angular-devkit/build-angular [dev]                          │
├───────────────┼──────────────────────────────────────────────────────────────┤
│ Path          │ @angular-devkit/build-angular >                              │
│               │ @angular-devkit/build-webpack > @angular-devkit/architect >  │
│               │ @angular-devkit/core > ajv                                   │
├───────────────┼──────────────────────────────────────────────────────────────┤
│ More info     │ https://github.com/advisories/GHSA-2g4f-4pwh-qvx6            │
└───────────────┴──────────────────────────────────────────────────────────────┘


┌───────────────┬──────────────────────────────────────────────────────────────┐
│ High          │ tar has Hardlink Path Traversal via Drive-Relative Linkpath  │
├───────────────┼──────────────────────────────────────────────────────────────┤
│ Package       │ tar                                                          │
├───────────────┼──────────────────────────────────────────────────────────────┤
│ Dependency of │ @angular-devkit/build-angular [dev]                          │
├───────────────┼──────────────────────────────────────────────────────────────┤
│ Path          │ @angular-devkit/build-angular > cacache > tar                │
├───────────────┼──────────────────────────────────────────────────────────────┤
│ More info     │ https://github.com/advisories/GHSA-qffp-2rhf-9h96            │
└───────────────┴──────────────────────────────────────────────────────────────┘


┌───────────────┬──────────────────────────────────────────────────────────────┐
│ High          │ node-tar Symlink Path Traversal via Drive-Relative Linkpath  │
├───────────────┼──────────────────────────────────────────────────────────────┤
│ Package       │ tar                                                          │
├───────────────┼──────────────────────────────────────────────────────────────┤
│ Dependency of │ @angular-devkit/build-angular [dev]                          │
├───────────────┼──────────────────────────────────────────────────────────────┤
│ Path          │ @angular-devkit/build-angular > cacache > tar                │
├───────────────┼──────────────────────────────────────────────────────────────┤
│ More info     │ https://github.com/advisories/GHSA-9ppj-qmqm-q256            │
└───────────────┴──────────────────────────────────────────────────────────────┘


┌───────────────┬──────────────────────────────────────────────────────────────┐
│ High          │ Race Condition in node-tar Path Reservations via Unicode     │
│               │ Ligature Collisions on macOS APFS                            │
├───────────────┼──────────────────────────────────────────────────────────────┤
│ Package       │ tar                                                          │
├───────────────┼──────────────────────────────────────────────────────────────┤
│ Dependency of │ @angular-devkit/build-angular [dev]                          │
├───────────────┼──────────────────────────────────────────────────────────────┤
│ Path          │ @angular-devkit/build-angular > cacache > tar                │
├───────────────┼──────────────────────────────────────────────────────────────┤
│ More info     │ https://github.com/advisories/GHSA-r6q2-hw4h-h46w            │
└───────────────┴──────────────────────────────────────────────────────────────┘


┌───────────────┬──────────────────────────────────────────────────────────────┐
│ Moderate      │ PostCSS has XSS via Unescaped </style> in its CSS Stringify  │
│               │ Output                                                       │
├───────────────┼──────────────────────────────────────────────────────────────┤
│ Package       │ postcss                                                      │
├───────────────┼──────────────────────────────────────────────────────────────┤
│ Dependency of │ @angular-devkit/build-angular [dev]                          │
├───────────────┼──────────────────────────────────────────────────────────────┤
│ Path          │ @angular-devkit/build-angular > postcss                      │
├───────────────┼──────────────────────────────────────────────────────────────┤
│ More info     │ https://github.com/advisories/GHSA-qx2v-qp2m-jg93            │
└───────────────┴──────────────────────────────────────────────────────────────┘


┌───────────────┬──────────────────────────────────────────────────────────────┐
│ Moderate      │ webpack-dev-server vulnerable to cross-origin source code    │
│               │ exposure on non-HTTPS origins                                │
├───────────────┼──────────────────────────────────────────────────────────────┤
│ Package       │ webpack-dev-server                                           │
├───────────────┼──────────────────────────────────────────────────────────────┤
│ Dependency of │ @angular-devkit/build-angular [dev]                          │
├───────────────┼──────────────────────────────────────────────────────────────┤
│ Path          │ @angular-devkit/build-angular > webpack-dev-server           │
├───────────────┼──────────────────────────────────────────────────────────────┤
│ More info     │ https://github.com/advisories/GHSA-79cf-xcqc-c78w            │
└───────────────┴──────────────────────────────────────────────────────────────┘


┌───────────────┬──────────────────────────────────────────────────────────────┐
│ Moderate      │ Serialize JavaScript has CPU Exhaustion Denial of Service    │
│               │ via crafted array-like objects                               │
├───────────────┼──────────────────────────────────────────────────────────────┤
│ Package       │ serialize-javascript                                         │
├───────────────┼──────────────────────────────────────────────────────────────┤
│ Dependency of │ @angular-devkit/build-angular [dev]                          │
├───────────────┼──────────────────────────────────────────────────────────────┤
│ Path          │ @angular-devkit/build-angular > copy-webpack-plugin >        │
│               │ serialize-javascript                                         │
├───────────────┼──────────────────────────────────────────────────────────────┤
│ More info     │ https://github.com/advisories/GHSA-qj8w-gfj5-8c6v            │
└───────────────┴──────────────────────────────────────────────────────────────┘


┌───────────────┬──────────────────────────────────────────────────────────────┐
│ High          │ tmp has Path Traversal via unsanitized prefix/postfix that   │
│               │ enables directory escape                                     │
├───────────────┼──────────────────────────────────────────────────────────────┤
│ Package       │ tmp                                                          │
├───────────────┼──────────────────────────────────────────────────────────────┤
│ Dependency of │ @angular-devkit/build-angular [dev]                          │
├───────────────┼──────────────────────────────────────────────────────────────┤
│ Path          │ @angular-devkit/build-angular > inquirer > external-editor > │
│               │ tmp                                                          │
├───────────────┼──────────────────────────────────────────────────────────────┤
│ More info     │ https://github.com/advisories/GHSA-ph9p-34f9-6g65            │
└───────────────┴──────────────────────────────────────────────────────────────┘


┌───────────────┬──────────────────────────────────────────────────────────────┐
│ Moderate      │ node-tar applies PAX size override to intermediary GNU       │
│               │ long-name/long-link headers, causing tar parser              │
│               │ interpretation differential (file smuggling)                 │
├───────────────┼──────────────────────────────────────────────────────────────┤
│ Package       │ tar                                                          │
├───────────────┼──────────────────────────────────────────────────────────────┤
│ Dependency of │ @angular-devkit/build-angular [dev]                          │
├───────────────┼──────────────────────────────────────────────────────────────┤
│ Path          │ @angular-devkit/build-angular > cacache > tar                │
├───────────────┼──────────────────────────────────────────────────────────────┤
│ More info     │ https://github.com/advisories/GHSA-vmf3-w455-68vh            │
└───────────────┴──────────────────────────────────────────────────────────────┘


┌───────────────┬──────────────────────────────────────────────────────────────┐
│ Moderate      │ webpack-dev-server vulnerable to HMR WebSocket interception  │
│               │ via permissive user proxies                                  │
├───────────────┼──────────────────────────────────────────────────────────────┤
│ Package       │ webpack-dev-server                                           │
├───────────────┼──────────────────────────────────────────────────────────────┤
│ Dependency of │ @angular-devkit/build-angular [dev]                          │
├───────────────┼──────────────────────────────────────────────────────────────┤
│ Path          │ @angular-devkit/build-angular > webpack-dev-server           │
├───────────────┼──────────────────────────────────────────────────────────────┤
│ More info     │ https://github.com/advisories/GHSA-mx8g-39q3-5c79            │
└───────────────┴──────────────────────────────────────────────────────────────┘


┌───────────────┬──────────────────────────────────────────────────────────────┐
│ High          │ piscina: Prototype Pollution Gadget → RCE via inherited      │
│               │ options.filename                                             │
├───────────────┼──────────────────────────────────────────────────────────────┤
│ Package       │ piscina                                                      │
├───────────────┼──────────────────────────────────────────────────────────────┤
│ Dependency of │ @angular-devkit/build-angular [dev]                          │
├───────────────┼──────────────────────────────────────────────────────────────┤
│ Path          │ @angular-devkit/build-angular > piscina                      │
├───────────────┼──────────────────────────────────────────────────────────────┤
│ More info     │ https://github.com/advisories/GHSA-x9g3-xrwr-cwfg            │
└───────────────┴──────────────────────────────────────────────────────────────┘


┌───────────────┬──────────────────────────────────────────────────────────────┐
│ Low           │ @babel/core: Arbitrary File Read via sourceMappingURL        │
│               │ Comment                                                      │
├───────────────┼──────────────────────────────────────────────────────────────┤
│ Package       │ @babel/core                                                  │
├───────────────┼──────────────────────────────────────────────────────────────┤
│ Dependency of │ @angular-devkit/build-angular [dev]                          │
├───────────────┼──────────────────────────────────────────────────────────────┤
│ Path          │ @angular-devkit/build-angular > @babel/core                  │
├───────────────┼──────────────────────────────────────────────────────────────┤
│ More info     │ https://github.com/advisories/GHSA-4x5r-pxfx-6jf8            │
└───────────────┴──────────────────────────────────────────────────────────────┘


┌───────────────┬──────────────────────────────────────────────────────────────┐
│ Moderate      │ node-tar: Process crash via PAX numeric path type confusion  │
├───────────────┼──────────────────────────────────────────────────────────────┤
│ Package       │ tar                                                          │
├───────────────┼──────────────────────────────────────────────────────────────┤
│ Dependency of │ @angular-devkit/build-angular [dev]                          │
├───────────────┼──────────────────────────────────────────────────────────────┤
│ Path          │ @angular-devkit/build-angular > cacache > tar                │
├───────────────┼──────────────────────────────────────────────────────────────┤
│ More info     │ https://github.com/advisories/GHSA-w8wr-v893-vjvp            │
└───────────────┴──────────────────────────────────────────────────────────────┘


┌───────────────┬──────────────────────────────────────────────────────────────┐
│ Critical      │ node-tar: Decompression/parse DoS via unlimited input        │
├───────────────┼──────────────────────────────────────────────────────────────┤
│ Package       │ tar                                                          │
├───────────────┼──────────────────────────────────────────────────────────────┤
│ Dependency of │ @angular-devkit/build-angular [dev]                          │
├───────────────┼──────────────────────────────────────────────────────────────┤
│ Path          │ @angular-devkit/build-angular > cacache > tar                │
├───────────────┼──────────────────────────────────────────────────────────────┤
│ More info     │ https://github.com/advisories/GHSA-23hp-3jrh-7fpw            │
└───────────────┴──────────────────────────────────────────────────────────────┘


┌───────────────┬──────────────────────────────────────────────────────────────┐
│ High          │ node-tar: Negative tar entry size causes infinite loop in    │
│               │ archive replace                                              │
├───────────────┼──────────────────────────────────────────────────────────────┤
│ Package       │ tar                                                          │
├───────────────┼──────────────────────────────────────────────────────────────┤
│ Dependency of │ @angular-devkit/build-angular [dev]                          │
├───────────────┼──────────────────────────────────────────────────────────────┤
│ Path          │ @angular-devkit/build-angular > cacache > tar                │
├───────────────┼──────────────────────────────────────────────────────────────┤
│ More info     │ https://github.com/advisories/GHSA-8x88-c5mf-7j5w            │
└───────────────┴──────────────────────────────────────────────────────────────┘


┌───────────────┬──────────────────────────────────────────────────────────────┐
│ Moderate      │ node-tar: Uncaught Exception DoS via NUL byte in PAX         │
│               │ path/linkpath records                                        │
├───────────────┼──────────────────────────────────────────────────────────────┤
│ Package       │ tar                                                          │
├───────────────┼──────────────────────────────────────────────────────────────┤
│ Dependency of │ @angular-devkit/build-angular [dev]                          │
├───────────────┼──────────────────────────────────────────────────────────────┤
│ Path          │ @angular-devkit/build-angular > cacache > tar                │
├───────────────┼──────────────────────────────────────────────────────────────┤
│ More info     │ https://github.com/advisories/GHSA-gvwx-54wh-qm9j            │
└───────────────┴──────────────────────────────────────────────────────────────┘


┌───────────────┬──────────────────────────────────────────────────────────────┐
│ Moderate      │ webpack-dev-server vulnerable to cross-site request forgery  │
│               │ via internal developer endpoints                             │
├───────────────┼──────────────────────────────────────────────────────────────┤
│ Package       │ webpack-dev-server                                           │
├───────────────┼──────────────────────────────────────────────────────────────┤
│ Dependency of │ @angular-devkit/build-angular [dev]                          │
├───────────────┼──────────────────────────────────────────────────────────────┤
│ Path          │ @angular-devkit/build-angular > webpack-dev-server           │
├───────────────┼──────────────────────────────────────────────────────────────┤
│ More info     │ https://github.com/advisories/GHSA-f5vj-f2hx-8m93            │
└───────────────┴──────────────────────────────────────────────────────────────┘


┌───────────────┬──────────────────────────────────────────────────────────────┐
│ Moderate      │ webpack-dev-server vulnerable to denial of service via a     │
│               │ malformed Host or Origin header                              │
├───────────────┼──────────────────────────────────────────────────────────────┤
│ Package       │ webpack-dev-server                                           │
├───────────────┼──────────────────────────────────────────────────────────────┤
│ Dependency of │ @angular-devkit/build-angular [dev]                          │
├───────────────┼──────────────────────────────────────────────────────────────┤
│ Path          │ @angular-devkit/build-angular > webpack-dev-server           │
├───────────────┼──────────────────────────────────────────────────────────────┤
│ More info     │ https://github.com/advisories/GHSA-m28w-2pqf-7qgj            │
└───────────────┴──────────────────────────────────────────────────────────────┘


┌───────────────┬──────────────────────────────────────────────────────────────┐
│ High          │ PostCSS: Arbitrary file read and information disclosure via  │
│               │ attacker-controlled sourceMappingURL in CSS comments         │
├───────────────┼──────────────────────────────────────────────────────────────┤
│ Package       │ postcss                                                      │
├───────────────┼──────────────────────────────────────────────────────────────┤
│ Dependency of │ @angular-devkit/build-angular [dev]                          │
├───────────────┼──────────────────────────────────────────────────────────────┤
│ Path          │ @angular-devkit/build-angular > postcss                      │
├───────────────┼──────────────────────────────────────────────────────────────┤
│ More info     │ https://github.com/advisories/GHSA-6g55-p6wh-862q            │
└───────────────┴──────────────────────────────────────────────────────────────┘


┌───────────────┬──────────────────────────────────────────────────────────────┐
│ Moderate      │ PostCSS: incomplete fix of GHSA-6g55-p6wh-862q —             │
│               │ attacker-controlled sourceMappingURL reads arbitrary .map    │
│               │ files when `from` is unset                                   │
├───────────────┼──────────────────────────────────────────────────────────────┤
│ Package       │ postcss                                                      │
├───────────────┼──────────────────────────────────────────────────────────────┤
│ Dependency of │ @angular-devkit/build-angular [dev]                          │
├───────────────┼──────────────────────────────────────────────────────────────┤
│ Path          │ @angular-devkit/build-angular > postcss                      │
├───────────────┼──────────────────────────────────────────────────────────────┤
│ More info     │ https://github.com/advisories/GHSA-fxqj-rqcc-2cmp            │
└───────────────┴──────────────────────────────────────────────────────────────┘


┌───────────────┬──────────────────────────────────────────────────────────────┐
│ High          │ PostCSS: Path Traversal in Previous Source Map Auto-Loading  │
│               │ (sourceMappingURL) leads to Arbitrary .map File Disclosure   │
├───────────────┼──────────────────────────────────────────────────────────────┤
│ Package       │ postcss                                                      │
├───────────────┼──────────────────────────────────────────────────────────────┤
│ Dependency of │ @angular-devkit/build-angular [dev]                          │
├───────────────┼──────────────────────────────────────────────────────────────┤
│ Path          │ @angular-devkit/build-angular > postcss                      │
├───────────────┼──────────────────────────────────────────────────────────────┤
│ More info     │ https://github.com/advisories/GHSA-r28c-9q8g-f849            │
└───────────────┴──────────────────────────────────────────────────────────────┘


┌───────────────┬──────────────────────────────────────────────────────────────┐
│ High          │ node-tar: Uncontrolled recursion in mapHas/filesFilter       │
│               │ allows uncatchable stack-overflow DoS via crafted long-path  │
│               │ tar with member selection                                    │
├───────────────┼──────────────────────────────────────────────────────────────┤
│ Package       │ tar                                                          │
├───────────────┼──────────────────────────────────────────────────────────────┤
│ Dependency of │ @angular-devkit/build-angular [dev]                          │
├───────────────┼──────────────────────────────────────────────────────────────┤
│ Path          │ @angular-devkit/build-angular > cacache > tar                │
├───────────────┼──────────────────────────────────────────────────────────────┤
│ More info     │ https://github.com/advisories/GHSA-r292-9mhp-454m            │
└───────────────┴──────────────────────────────────────────────────────────────┘


# Run  npm install --save-dev @angular-eslint/schematics@22.5.0  to resolve 2 vulnerabilities
SEMVER WARNING: Recommended action is a potentially breaking change
┌───────────────┬──────────────────────────────────────────────────────────────┐
│ Low           │ tmp allows arbitrary temporary file / directory write via    │
│               │ symbolic link `dir` parameter                                │
├───────────────┼──────────────────────────────────────────────────────────────┤
│ Package       │ tmp                                                          │
├───────────────┼──────────────────────────────────────────────────────────────┤
│ Dependency of │ @angular-eslint/schematics [dev]                             │
├───────────────┼──────────────────────────────────────────────────────────────┤
│ Path          │ @angular-eslint/schematics > tmp                             │
├───────────────┼──────────────────────────────────────────────────────────────┤
│ More info     │ https://github.com/advisories/GHSA-52f5-9888-hmc6            │
└───────────────┴──────────────────────────────────────────────────────────────┘


┌───────────────┬──────────────────────────────────────────────────────────────┐
│ High          │ tmp has Path Traversal via unsanitized prefix/postfix that   │
│               │ enables directory escape                                     │
├───────────────┼──────────────────────────────────────────────────────────────┤
│ Package       │ tmp                                                          │
├───────────────┼──────────────────────────────────────────────────────────────┤
│ Dependency of │ @angular-eslint/schematics [dev]                             │
├───────────────┼──────────────────────────────────────────────────────────────┤
│ Path          │ @angular-eslint/schematics > tmp                             │
├───────────────┼──────────────────────────────────────────────────────────────┤
│ More info     │ https://github.com/advisories/GHSA-ph9p-34f9-6g65            │
└───────────────┴──────────────────────────────────────────────────────────────┘


# Run  npm install --save-dev @angular/cli@22.1.7  to resolve 59 vulnerabilities
SEMVER WARNING: Recommended action is a potentially breaking change
┌───────────────┬──────────────────────────────────────────────────────────────┐
│ High          │ node-tar Vulnerable to Arbitrary File Creation/Overwrite via │
│               │ Hardlink Path Traversal                                      │
├───────────────┼──────────────────────────────────────────────────────────────┤
│ Package       │ tar                                                          │
├───────────────┼──────────────────────────────────────────────────────────────┤
│ Dependency of │ @angular/cli [dev]                                           │
├───────────────┼──────────────────────────────────────────────────────────────┤
│ Path          │ @angular/cli > pacote > cacache > tar                        │
├───────────────┼──────────────────────────────────────────────────────────────┤
│ More info     │ https://github.com/advisories/GHSA-34x7-hfp2-rc4v            │
└───────────────┴──────────────────────────────────────────────────────────────┘


┌───────────────┬──────────────────────────────────────────────────────────────┐
│ High          │ node-tar Vulnerable to Arbitrary File Creation/Overwrite via │
│               │ Hardlink Path Traversal                                      │
├───────────────┼──────────────────────────────────────────────────────────────┤
│ Package       │ tar                                                          │
├───────────────┼──────────────────────────────────────────────────────────────┤
│ Dependency of │ @angular/cli [dev]                                           │
├───────────────┼──────────────────────────────────────────────────────────────┤
│ Path          │ @angular/cli > pacote > @npmcli/run-script > node-gyp > tar  │
├───────────────┼──────────────────────────────────────────────────────────────┤
│ More info     │ https://github.com/advisories/GHSA-34x7-hfp2-rc4v            │
└───────────────┴──────────────────────────────────────────────────────────────┘


┌───────────────┬──────────────────────────────────────────────────────────────┐
│ High          │ node-tar Vulnerable to Arbitrary File Creation/Overwrite via │
│               │ Hardlink Path Traversal                                      │
├───────────────┼──────────────────────────────────────────────────────────────┤
│ Package       │ tar                                                          │
├───────────────┼──────────────────────────────────────────────────────────────┤
│ Dependency of │ @angular/cli [dev]                                           │
├───────────────┼──────────────────────────────────────────────────────────────┤
│ Path          │ @angular/cli > pacote > npm-registry-fetch >                 │
│               │ make-fetch-happen > cacache > tar                            │
├───────────────┼──────────────────────────────────────────────────────────────┤
│ More info     │ https://github.com/advisories/GHSA-34x7-hfp2-rc4v            │
└───────────────┴──────────────────────────────────────────────────────────────┘


┌───────────────┬──────────────────────────────────────────────────────────────┐
│ High          │ node-tar Vulnerable to Arbitrary File Creation/Overwrite via │
│               │ Hardlink Path Traversal                                      │
├───────────────┼──────────────────────────────────────────────────────────────┤
│ Package       │ tar                                                          │
├───────────────┼──────────────────────────────────────────────────────────────┤
│ Dependency of │ @angular/cli [dev]                                           │
├───────────────┼──────────────────────────────────────────────────────────────┤
│ Path          │ @angular/cli > pacote > @npmcli/run-script > node-gyp >      │
│               │ make-fetch-happen > cacache > tar                            │
├───────────────┼──────────────────────────────────────────────────────────────┤
│ More info     │ https://github.com/advisories/GHSA-34x7-hfp2-rc4v            │
└───────────────┴──────────────────────────────────────────────────────────────┘


┌───────────────┬──────────────────────────────────────────────────────────────┐
│ High          │ node-tar is Vulnerable to Arbitrary File Overwrite and       │
│               │ Symlink Poisoning via Insufficient Path Sanitization         │
├───────────────┼──────────────────────────────────────────────────────────────┤
│ Package       │ tar                                                          │
├───────────────┼──────────────────────────────────────────────────────────────┤
│ Dependency of │ @angular/cli [dev]                                           │
├───────────────┼──────────────────────────────────────────────────────────────┤
│ Path          │ @angular/cli > pacote > cacache > tar                        │
├───────────────┼──────────────────────────────────────────────────────────────┤
│ More info     │ https://github.com/advisories/GHSA-8qq5-rm4j-mr97            │
└───────────────┴──────────────────────────────────────────────────────────────┘


┌───────────────┬──────────────────────────────────────────────────────────────┐
│ High          │ node-tar is Vulnerable to Arbitrary File Overwrite and       │
│               │ Symlink Poisoning via Insufficient Path Sanitization         │
├───────────────┼──────────────────────────────────────────────────────────────┤
│ Package       │ tar                                                          │
├───────────────┼──────────────────────────────────────────────────────────────┤
│ Dependency of │ @angular/cli [dev]                                           │
├───────────────┼──────────────────────────────────────────────────────────────┤
│ Path          │ @angular/cli > pacote > @npmcli/run-script > node-gyp > tar  │
├───────────────┼──────────────────────────────────────────────────────────────┤
│ More info     │ https://github.com/advisories/GHSA-8qq5-rm4j-mr97            │
└───────────────┴──────────────────────────────────────────────────────────────┘


┌───────────────┬──────────────────────────────────────────────────────────────┐
│ High          │ node-tar is Vulnerable to Arbitrary File Overwrite and       │
│               │ Symlink Poisoning via Insufficient Path Sanitization         │
├───────────────┼──────────────────────────────────────────────────────────────┤
│ Package       │ tar                                                          │
├───────────────┼──────────────────────────────────────────────────────────────┤
│ Dependency of │ @angular/cli [dev]                                           │
├───────────────┼──────────────────────────────────────────────────────────────┤
│ Path          │ @angular/cli > pacote > npm-registry-fetch >                 │
│               │ make-fetch-happen > cacache > tar                            │
├───────────────┼──────────────────────────────────────────────────────────────┤
│ More info     │ https://github.com/advisories/GHSA-8qq5-rm4j-mr97            │
└───────────────┴──────────────────────────────────────────────────────────────┘


┌───────────────┬──────────────────────────────────────────────────────────────┐
│ High          │ node-tar is Vulnerable to Arbitrary File Overwrite and       │
│               │ Symlink Poisoning via Insufficient Path Sanitization         │
├───────────────┼──────────────────────────────────────────────────────────────┤
│ Package       │ tar                                                          │
├───────────────┼──────────────────────────────────────────────────────────────┤
│ Dependency of │ @angular/cli [dev]                                           │
├───────────────┼──────────────────────────────────────────────────────────────┤
│ Path          │ @angular/cli > pacote > @npmcli/run-script > node-gyp >      │
│               │ make-fetch-happen > cacache > tar                            │
├───────────────┼──────────────────────────────────────────────────────────────┤
│ More info     │ https://github.com/advisories/GHSA-8qq5-rm4j-mr97            │
└───────────────┴──────────────────────────────────────────────────────────────┘


┌───────────────┬──────────────────────────────────────────────────────────────┐
│ High          │ Arbitrary File Read/Write via Hardlink Target Escape Through │
│               │ Symlink Chain in node-tar Extraction                         │
├───────────────┼──────────────────────────────────────────────────────────────┤
│ Package       │ tar                                                          │
├───────────────┼──────────────────────────────────────────────────────────────┤
│ Dependency of │ @angular/cli [dev]                                           │
├───────────────┼──────────────────────────────────────────────────────────────┤
│ Path          │ @angular/cli > pacote > cacache > tar                        │
├───────────────┼──────────────────────────────────────────────────────────────┤
│ More info     │ https://github.com/advisories/GHSA-83g3-92jg-28cx            │
└───────────────┴──────────────────────────────────────────────────────────────┘


┌───────────────┬──────────────────────────────────────────────────────────────┐
│ High          │ Arbitrary File Read/Write via Hardlink Target Escape Through │
│               │ Symlink Chain in node-tar Extraction                         │
├───────────────┼──────────────────────────────────────────────────────────────┤
│ Package       │ tar                                                          │
├───────────────┼──────────────────────────────────────────────────────────────┤
│ Dependency of │ @angular/cli [dev]                                           │
├───────────────┼──────────────────────────────────────────────────────────────┤
│ Path          │ @angular/cli > pacote > @npmcli/run-script > node-gyp > tar  │
├───────────────┼──────────────────────────────────────────────────────────────┤
│ More info     │ https://github.com/advisories/GHSA-83g3-92jg-28cx            │
└───────────────┴──────────────────────────────────────────────────────────────┘


┌───────────────┬──────────────────────────────────────────────────────────────┐
│ High          │ Arbitrary File Read/Write via Hardlink Target Escape Through │
│               │ Symlink Chain in node-tar Extraction                         │
├───────────────┼──────────────────────────────────────────────────────────────┤
│ Package       │ tar                                                          │
├───────────────┼──────────────────────────────────────────────────────────────┤
│ Dependency of │ @angular/cli [dev]                                           │
├───────────────┼──────────────────────────────────────────────────────────────┤
│ Path          │ @angular/cli > pacote > npm-registry-fetch >                 │
│               │ make-fetch-happen > cacache > tar                            │
├───────────────┼──────────────────────────────────────────────────────────────┤
│ More info     │ https://github.com/advisories/GHSA-83g3-92jg-28cx            │
└───────────────┴──────────────────────────────────────────────────────────────┘


┌───────────────┬──────────────────────────────────────────────────────────────┐
│ High          │ Arbitrary File Read/Write via Hardlink Target Escape Through │
│               │ Symlink Chain in node-tar Extraction                         │
├───────────────┼──────────────────────────────────────────────────────────────┤
│ Package       │ tar                                                          │
├───────────────┼──────────────────────────────────────────────────────────────┤
│ Dependency of │ @angular/cli [dev]                                           │
├───────────────┼──────────────────────────────────────────────────────────────┤
│ Path          │ @angular/cli > pacote > @npmcli/run-script > node-gyp >      │
│               │ make-fetch-happen > cacache > tar                            │
├───────────────┼──────────────────────────────────────────────────────────────┤
│ More info     │ https://github.com/advisories/GHSA-83g3-92jg-28cx            │
└───────────────┴──────────────────────────────────────────────────────────────┘


┌───────────────┬──────────────────────────────────────────────────────────────┐
│ High          │ minimatch has a ReDoS via repeated wildcards with            │
│               │ non-matching literal in pattern                              │
├───────────────┼──────────────────────────────────────────────────────────────┤
│ Package       │ minimatch                                                    │
├───────────────┼──────────────────────────────────────────────────────────────┤
│ Dependency of │ @angular/cli [dev]                                           │
├───────────────┼──────────────────────────────────────────────────────────────┤
│ Path          │ @angular/cli > pacote > cacache > glob > minimatch           │
├───────────────┼──────────────────────────────────────────────────────────────┤
│ More info     │ https://github.com/advisories/GHSA-3ppc-4f35-3m26            │
└───────────────┴──────────────────────────────────────────────────────────────┘


┌───────────────┬──────────────────────────────────────────────────────────────┐
│ High          │ minimatch has a ReDoS via repeated wildcards with            │
│               │ non-matching literal in pattern                              │
├───────────────┼──────────────────────────────────────────────────────────────┤
│ Package       │ minimatch                                                    │
├───────────────┼──────────────────────────────────────────────────────────────┤
│ Dependency of │ @angular/cli [dev]                                           │
├───────────────┼──────────────────────────────────────────────────────────────┤
│ Path          │ @angular/cli > pacote > npm-registry-fetch >                 │
│               │ make-fetch-happen > cacache > glob > minimatch               │
├───────────────┼──────────────────────────────────────────────────────────────┤
│ More info     │ https://github.com/advisories/GHSA-3ppc-4f35-3m26            │
└───────────────┴──────────────────────────────────────────────────────────────┘


┌───────────────┬──────────────────────────────────────────────────────────────┐
│ High          │ minimatch has a ReDoS via repeated wildcards with            │
│               │ non-matching literal in pattern                              │
├───────────────┼──────────────────────────────────────────────────────────────┤
│ Package       │ minimatch                                                    │
├───────────────┼──────────────────────────────────────────────────────────────┤
│ Dependency of │ @angular/cli [dev]                                           │
├───────────────┼──────────────────────────────────────────────────────────────┤
│ Path          │ @angular/cli > pacote > @npmcli/run-script > node-gyp >      │
│               │ make-fetch-happen > cacache > glob > minimatch               │
├───────────────┼──────────────────────────────────────────────────────────────┤
│ More info     │ https://github.com/advisories/GHSA-3ppc-4f35-3m26            │
└───────────────┴──────────────────────────────────────────────────────────────┘


┌───────────────┬──────────────────────────────────────────────────────────────┐
│ High          │ minimatch has ReDoS: matchOne() combinatorial backtracking   │
│               │ via multiple non-adjacent GLOBSTAR segments                  │
├───────────────┼──────────────────────────────────────────────────────────────┤
│ Package       │ minimatch                                                    │
├───────────────┼──────────────────────────────────────────────────────────────┤
│ Dependency of │ @angular/cli [dev]                                           │
├───────────────┼──────────────────────────────────────────────────────────────┤
│ Path          │ @angular/cli > pacote > cacache > glob > minimatch           │
├───────────────┼──────────────────────────────────────────────────────────────┤
│ More info     │ https://github.com/advisories/GHSA-7r86-cg39-jmmj            │
└───────────────┴──────────────────────────────────────────────────────────────┘


┌───────────────┬──────────────────────────────────────────────────────────────┐
│ High          │ minimatch has ReDoS: matchOne() combinatorial backtracking   │
│               │ via multiple non-adjacent GLOBSTAR segments                  │
├───────────────┼──────────────────────────────────────────────────────────────┤
│ Package       │ minimatch                                                    │
├───────────────┼──────────────────────────────────────────────────────────────┤
│ Dependency of │ @angular/cli [dev]                                           │
├───────────────┼──────────────────────────────────────────────────────────────┤
│ Path          │ @angular/cli > pacote > npm-registry-fetch >                 │
│               │ make-fetch-happen > cacache > glob > minimatch               │
├───────────────┼──────────────────────────────────────────────────────────────┤
│ More info     │ https://github.com/advisories/GHSA-7r86-cg39-jmmj            │
└───────────────┴──────────────────────────────────────────────────────────────┘


┌───────────────┬──────────────────────────────────────────────────────────────┐
│ High          │ minimatch has ReDoS: matchOne() combinatorial backtracking   │
│               │ via multiple non-adjacent GLOBSTAR segments                  │
├───────────────┼──────────────────────────────────────────────────────────────┤
│ Package       │ minimatch                                                    │
├───────────────┼──────────────────────────────────────────────────────────────┤
│ Dependency of │ @angular/cli [dev]                                           │
├───────────────┼──────────────────────────────────────────────────────────────┤
│ Path          │ @angular/cli > pacote > @npmcli/run-script > node-gyp >      │
│               │ make-fetch-happen > cacache > glob > minimatch               │
├───────────────┼──────────────────────────────────────────────────────────────┤
│ More info     │ https://github.com/advisories/GHSA-7r86-cg39-jmmj            │
└───────────────┴──────────────────────────────────────────────────────────────┘


┌───────────────┬──────────────────────────────────────────────────────────────┐
│ High          │ minimatch ReDoS: nested *() extglobs generate                │
│               │ catastrophically backtracking regular expressions            │
├───────────────┼──────────────────────────────────────────────────────────────┤
│ Package       │ minimatch                                                    │
├───────────────┼──────────────────────────────────────────────────────────────┤
│ Dependency of │ @angular/cli [dev]                                           │
├───────────────┼──────────────────────────────────────────────────────────────┤
│ Path          │ @angular/cli > pacote > cacache > glob > minimatch           │
├───────────────┼──────────────────────────────────────────────────────────────┤
│ More info     │ https://github.com/advisories/GHSA-23c5-xmqv-rm74            │
└───────────────┴──────────────────────────────────────────────────────────────┘


┌───────────────┬──────────────────────────────────────────────────────────────┐
│ High          │ minimatch ReDoS: nested *() extglobs generate                │
│               │ catastrophically backtracking regular expressions            │
├───────────────┼──────────────────────────────────────────────────────────────┤
│ Package       │ minimatch                                                    │
├───────────────┼──────────────────────────────────────────────────────────────┤
│ Dependency of │ @angular/cli [dev]                                           │
├───────────────┼──────────────────────────────────────────────────────────────┤
│ Path          │ @angular/cli > pacote > npm-registry-fetch >                 │
│               │ make-fetch-happen > cacache > glob > minimatch               │
├───────────────┼──────────────────────────────────────────────────────────────┤
│ More info     │ https://github.com/advisories/GHSA-23c5-xmqv-rm74            │
└───────────────┴──────────────────────────────────────────────────────────────┘


┌───────────────┬──────────────────────────────────────────────────────────────┐
│ High          │ minimatch ReDoS: nested *() extglobs generate                │
│               │ catastrophically backtracking regular expressions            │
├───────────────┼──────────────────────────────────────────────────────────────┤
│ Package       │ minimatch                                                    │
├───────────────┼──────────────────────────────────────────────────────────────┤
│ Dependency of │ @angular/cli [dev]                                           │
├───────────────┼──────────────────────────────────────────────────────────────┤
│ Path          │ @angular/cli > pacote > @npmcli/run-script > node-gyp >      │
│               │ make-fetch-happen > cacache > glob > minimatch               │
├───────────────┼──────────────────────────────────────────────────────────────┤
│ More info     │ https://github.com/advisories/GHSA-23c5-xmqv-rm74            │
└───────────────┴──────────────────────────────────────────────────────────────┘


┌───────────────┬──────────────────────────────────────────────────────────────┐
│ High          │ tar has Hardlink Path Traversal via Drive-Relative Linkpath  │
├───────────────┼──────────────────────────────────────────────────────────────┤
│ Package       │ tar                                                          │
├───────────────┼──────────────────────────────────────────────────────────────┤
│ Dependency of │ @angular/cli [dev]                                           │
├───────────────┼──────────────────────────────────────────────────────────────┤
│ Path          │ @angular/cli > pacote > cacache > tar                        │
├───────────────┼──────────────────────────────────────────────────────────────┤
│ More info     │ https://github.com/advisories/GHSA-qffp-2rhf-9h96            │
└───────────────┴──────────────────────────────────────────────────────────────┘


┌───────────────┬──────────────────────────────────────────────────────────────┐
│ High          │ tar has Hardlink Path Traversal via Drive-Relative Linkpath  │
├───────────────┼──────────────────────────────────────────────────────────────┤
│ Package       │ tar                                                          │
├───────────────┼──────────────────────────────────────────────────────────────┤
│ Dependency of │ @angular/cli [dev]                                           │
├───────────────┼──────────────────────────────────────────────────────────────┤
│ Path          │ @angular/cli > pacote > @npmcli/run-script > node-gyp > tar  │
├───────────────┼──────────────────────────────────────────────────────────────┤
│ More info     │ https://github.com/advisories/GHSA-qffp-2rhf-9h96            │
└───────────────┴──────────────────────────────────────────────────────────────┘


┌───────────────┬──────────────────────────────────────────────────────────────┐
│ High          │ tar has Hardlink Path Traversal via Drive-Relative Linkpath  │
├───────────────┼──────────────────────────────────────────────────────────────┤
│ Package       │ tar                                                          │
├───────────────┼──────────────────────────────────────────────────────────────┤
│ Dependency of │ @angular/cli [dev]                                           │
├───────────────┼──────────────────────────────────────────────────────────────┤
│ Path          │ @angular/cli > pacote > npm-registry-fetch >                 │
│               │ make-fetch-happen > cacache > tar                            │
├───────────────┼──────────────────────────────────────────────────────────────┤
│ More info     │ https://github.com/advisories/GHSA-qffp-2rhf-9h96            │
└───────────────┴──────────────────────────────────────────────────────────────┘


┌───────────────┬──────────────────────────────────────────────────────────────┐
│ High          │ tar has Hardlink Path Traversal via Drive-Relative Linkpath  │
├───────────────┼──────────────────────────────────────────────────────────────┤
│ Package       │ tar                                                          │
├───────────────┼──────────────────────────────────────────────────────────────┤
│ Dependency of │ @angular/cli [dev]                                           │
├───────────────┼──────────────────────────────────────────────────────────────┤
│ Path          │ @angular/cli > pacote > @npmcli/run-script > node-gyp >      │
│               │ make-fetch-happen > cacache > tar                            │
├───────────────┼──────────────────────────────────────────────────────────────┤
│ More info     │ https://github.com/advisories/GHSA-qffp-2rhf-9h96            │
└───────────────┴──────────────────────────────────────────────────────────────┘


┌───────────────┬──────────────────────────────────────────────────────────────┐
│ High          │ node-tar Symlink Path Traversal via Drive-Relative Linkpath  │
├───────────────┼──────────────────────────────────────────────────────────────┤
│ Package       │ tar                                                          │
├───────────────┼──────────────────────────────────────────────────────────────┤
│ Dependency of │ @angular/cli [dev]                                           │
├───────────────┼──────────────────────────────────────────────────────────────┤
│ Path          │ @angular/cli > pacote > cacache > tar                        │
├───────────────┼──────────────────────────────────────────────────────────────┤
│ More info     │ https://github.com/advisories/GHSA-9ppj-qmqm-q256            │
└───────────────┴──────────────────────────────────────────────────────────────┘


┌───────────────┬──────────────────────────────────────────────────────────────┐
│ High          │ node-tar Symlink Path Traversal via Drive-Relative Linkpath  │
├───────────────┼──────────────────────────────────────────────────────────────┤
│ Package       │ tar                                                          │
├───────────────┼──────────────────────────────────────────────────────────────┤
│ Dependency of │ @angular/cli [dev]                                           │
├───────────────┼──────────────────────────────────────────────────────────────┤
│ Path          │ @angular/cli > pacote > @npmcli/run-script > node-gyp > tar  │
├───────────────┼──────────────────────────────────────────────────────────────┤
│ More info     │ https://github.com/advisories/GHSA-9ppj-qmqm-q256            │
└───────────────┴──────────────────────────────────────────────────────────────┘


┌───────────────┬──────────────────────────────────────────────────────────────┐
│ High          │ node-tar Symlink Path Traversal via Drive-Relative Linkpath  │
├───────────────┼──────────────────────────────────────────────────────────────┤
│ Package       │ tar                                                          │
├───────────────┼──────────────────────────────────────────────────────────────┤
│ Dependency of │ @angular/cli [dev]                                           │
├───────────────┼──────────────────────────────────────────────────────────────┤
│ Path          │ @angular/cli > pacote > npm-registry-fetch >                 │
│               │ make-fetch-happen > cacache > tar                            │
├───────────────┼──────────────────────────────────────────────────────────────┤
│ More info     │ https://github.com/advisories/GHSA-9ppj-qmqm-q256            │
└───────────────┴──────────────────────────────────────────────────────────────┘


┌───────────────┬──────────────────────────────────────────────────────────────┐
│ High          │ node-tar Symlink Path Traversal via Drive-Relative Linkpath  │
├───────────────┼──────────────────────────────────────────────────────────────┤
│ Package       │ tar                                                          │
├───────────────┼──────────────────────────────────────────────────────────────┤
│ Dependency of │ @angular/cli [dev]                                           │
├───────────────┼──────────────────────────────────────────────────────────────┤
│ Path          │ @angular/cli > pacote > @npmcli/run-script > node-gyp >      │
│               │ make-fetch-happen > cacache > tar                            │
├───────────────┼──────────────────────────────────────────────────────────────┤
│ More info     │ https://github.com/advisories/GHSA-9ppj-qmqm-q256            │
└───────────────┴──────────────────────────────────────────────────────────────┘


┌───────────────┬──────────────────────────────────────────────────────────────┐
│ High          │ Race Condition in node-tar Path Reservations via Unicode     │
│               │ Ligature Collisions on macOS APFS                            │
├───────────────┼──────────────────────────────────────────────────────────────┤
│ Package       │ tar                                                          │
├───────────────┼──────────────────────────────────────────────────────────────┤
│ Dependency of │ @angular/cli [dev]                                           │
├───────────────┼──────────────────────────────────────────────────────────────┤
│ Path          │ @angular/cli > pacote > cacache > tar                        │
├───────────────┼──────────────────────────────────────────────────────────────┤
│ More info     │ https://github.com/advisories/GHSA-r6q2-hw4h-h46w            │
└───────────────┴──────────────────────────────────────────────────────────────┘


┌───────────────┬──────────────────────────────────────────────────────────────┐
│ High          │ Race Condition in node-tar Path Reservations via Unicode     │
│               │ Ligature Collisions on macOS APFS                            │
├───────────────┼──────────────────────────────────────────────────────────────┤
│ Package       │ tar                                                          │
├───────────────┼──────────────────────────────────────────────────────────────┤
│ Dependency of │ @angular/cli [dev]                                           │
├───────────────┼──────────────────────────────────────────────────────────────┤
│ Path          │ @angular/cli > pacote > @npmcli/run-script > node-gyp > tar  │
├───────────────┼──────────────────────────────────────────────────────────────┤
│ More info     │ https://github.com/advisories/GHSA-r6q2-hw4h-h46w            │
└───────────────┴──────────────────────────────────────────────────────────────┘


┌───────────────┬──────────────────────────────────────────────────────────────┐
│ High          │ Race Condition in node-tar Path Reservations via Unicode     │
│               │ Ligature Collisions on macOS APFS                            │
├───────────────┼──────────────────────────────────────────────────────────────┤
│ Package       │ tar                                                          │
├───────────────┼──────────────────────────────────────────────────────────────┤
│ Dependency of │ @angular/cli [dev]                                           │
├───────────────┼──────────────────────────────────────────────────────────────┤
│ Path          │ @angular/cli > pacote > npm-registry-fetch >                 │
│               │ make-fetch-happen > cacache > tar                            │
├───────────────┼──────────────────────────────────────────────────────────────┤
│ More info     │ https://github.com/advisories/GHSA-r6q2-hw4h-h46w            │
└───────────────┴──────────────────────────────────────────────────────────────┘


┌───────────────┬──────────────────────────────────────────────────────────────┐
│ High          │ Race Condition in node-tar Path Reservations via Unicode     │
│               │ Ligature Collisions on macOS APFS                            │
├───────────────┼──────────────────────────────────────────────────────────────┤
│ Package       │ tar                                                          │
├───────────────┼──────────────────────────────────────────────────────────────┤
│ Dependency of │ @angular/cli [dev]                                           │
├───────────────┼──────────────────────────────────────────────────────────────┤
│ Path          │ @angular/cli > pacote > @npmcli/run-script > node-gyp >      │
│               │ make-fetch-happen > cacache > tar                            │
├───────────────┼──────────────────────────────────────────────────────────────┤
│ More info     │ https://github.com/advisories/GHSA-r6q2-hw4h-h46w            │
└───────────────┴──────────────────────────────────────────────────────────────┘


┌───────────────┬──────────────────────────────────────────────────────────────┐
│ Moderate      │ uuid: Missing buffer bounds check in v3/v5/v6 when buf is    │
│               │ provided                                                     │
├───────────────┼──────────────────────────────────────────────────────────────┤
│ Package       │ uuid                                                         │
├───────────────┼──────────────────────────────────────────────────────────────┤
│ Dependency of │ @angular/cli [dev]                                           │
├───────────────┼──────────────────────────────────────────────────────────────┤
│ Path          │ @angular/cli > uuid                                          │
├───────────────┼──────────────────────────────────────────────────────────────┤
│ More info     │ https://github.com/advisories/GHSA-w5hq-g745-h8pq            │
└───────────────┴──────────────────────────────────────────────────────────────┘


┌───────────────┬──────────────────────────────────────────────────────────────┐
│ Moderate      │ node-tar applies PAX size override to intermediary GNU       │
│               │ long-name/long-link headers, causing tar parser              │
│               │ interpretation differential (file smuggling)                 │
├───────────────┼──────────────────────────────────────────────────────────────┤
│ Package       │ tar                                                          │
├───────────────┼──────────────────────────────────────────────────────────────┤
│ Dependency of │ @angular/cli [dev]                                           │
├───────────────┼──────────────────────────────────────────────────────────────┤
│ Path          │ @angular/cli > pacote > cacache > tar                        │
├───────────────┼──────────────────────────────────────────────────────────────┤
│ More info     │ https://github.com/advisories/GHSA-vmf3-w455-68vh            │
└───────────────┴──────────────────────────────────────────────────────────────┘


┌───────────────┬──────────────────────────────────────────────────────────────┐
│ Moderate      │ node-tar applies PAX size override to intermediary GNU       │
│               │ long-name/long-link headers, causing tar parser              │
│               │ interpretation differential (file smuggling)                 │
├───────────────┼──────────────────────────────────────────────────────────────┤
│ Package       │ tar                                                          │
├───────────────┼──────────────────────────────────────────────────────────────┤
│ Dependency of │ @angular/cli [dev]                                           │
├───────────────┼──────────────────────────────────────────────────────────────┤
│ Path          │ @angular/cli > pacote > @npmcli/run-script > node-gyp > tar  │
├───────────────┼──────────────────────────────────────────────────────────────┤
│ More info     │ https://github.com/advisories/GHSA-vmf3-w455-68vh            │
└───────────────┴──────────────────────────────────────────────────────────────┘


┌───────────────┬──────────────────────────────────────────────────────────────┐
│ Moderate      │ node-tar applies PAX size override to intermediary GNU       │
│               │ long-name/long-link headers, causing tar parser              │
│               │ interpretation differential (file smuggling)                 │
├───────────────┼──────────────────────────────────────────────────────────────┤
│ Package       │ tar                                                          │
├───────────────┼──────────────────────────────────────────────────────────────┤
│ Dependency of │ @angular/cli [dev]                                           │
├───────────────┼──────────────────────────────────────────────────────────────┤
│ Path          │ @angular/cli > pacote > npm-registry-fetch >                 │
│               │ make-fetch-happen > cacache > tar                            │
├───────────────┼──────────────────────────────────────────────────────────────┤
│ More info     │ https://github.com/advisories/GHSA-vmf3-w455-68vh            │
└───────────────┴──────────────────────────────────────────────────────────────┘


┌───────────────┬──────────────────────────────────────────────────────────────┐
│ Moderate      │ node-tar applies PAX size override to intermediary GNU       │
│               │ long-name/long-link headers, causing tar parser              │
│               │ interpretation differential (file smuggling)                 │
├───────────────┼──────────────────────────────────────────────────────────────┤
│ Package       │ tar                                                          │
├───────────────┼──────────────────────────────────────────────────────────────┤
│ Dependency of │ @angular/cli [dev]                                           │
├───────────────┼──────────────────────────────────────────────────────────────┤
│ Path          │ @angular/cli > pacote > @npmcli/run-script > node-gyp >      │
│               │ make-fetch-happen > cacache > tar                            │
├───────────────┼──────────────────────────────────────────────────────────────┤
│ More info     │ https://github.com/advisories/GHSA-vmf3-w455-68vh            │
└───────────────┴──────────────────────────────────────────────────────────────┘


┌───────────────┬──────────────────────────────────────────────────────────────┐
│ Moderate      │ node-tar: Process crash via PAX numeric path type confusion  │
├───────────────┼──────────────────────────────────────────────────────────────┤
│ Package       │ tar                                                          │
├───────────────┼──────────────────────────────────────────────────────────────┤
│ Dependency of │ @angular/cli [dev]                                           │
├───────────────┼──────────────────────────────────────────────────────────────┤
│ Path          │ @angular/cli > pacote > cacache > tar                        │
├───────────────┼──────────────────────────────────────────────────────────────┤
│ More info     │ https://github.com/advisories/GHSA-w8wr-v893-vjvp            │
└───────────────┴──────────────────────────────────────────────────────────────┘


┌───────────────┬──────────────────────────────────────────────────────────────┐
│ Moderate      │ node-tar: Process crash via PAX numeric path type confusion  │
├───────────────┼──────────────────────────────────────────────────────────────┤
│ Package       │ tar                                                          │
├───────────────┼──────────────────────────────────────────────────────────────┤
│ Dependency of │ @angular/cli [dev]                                           │
├───────────────┼──────────────────────────────────────────────────────────────┤
│ Path          │ @angular/cli > pacote > @npmcli/run-script > node-gyp > tar  │
├───────────────┼──────────────────────────────────────────────────────────────┤
│ More info     │ https://github.com/advisories/GHSA-w8wr-v893-vjvp            │
└───────────────┴──────────────────────────────────────────────────────────────┘


┌───────────────┬──────────────────────────────────────────────────────────────┐
│ Moderate      │ node-tar: Process crash via PAX numeric path type confusion  │
├───────────────┼──────────────────────────────────────────────────────────────┤
│ Package       │ tar                                                          │
├───────────────┼──────────────────────────────────────────────────────────────┤
│ Dependency of │ @angular/cli [dev]                                           │
├───────────────┼──────────────────────────────────────────────────────────────┤
│ Path          │ @angular/cli > pacote > npm-registry-fetch >                 │
│               │ make-fetch-happen > cacache > tar                            │
├───────────────┼──────────────────────────────────────────────────────────────┤
│ More info     │ https://github.com/advisories/GHSA-w8wr-v893-vjvp            │
└───────────────┴──────────────────────────────────────────────────────────────┘


┌───────────────┬──────────────────────────────────────────────────────────────┐
│ Moderate      │ node-tar: Process crash via PAX numeric path type confusion  │
├───────────────┼──────────────────────────────────────────────────────────────┤
│ Package       │ tar                                                          │
├───────────────┼──────────────────────────────────────────────────────────────┤
│ Dependency of │ @angular/cli [dev]                                           │
├───────────────┼──────────────────────────────────────────────────────────────┤
│ Path          │ @angular/cli > pacote > @npmcli/run-script > node-gyp >      │
│               │ make-fetch-happen > cacache > tar                            │
├───────────────┼──────────────────────────────────────────────────────────────┤
│ More info     │ https://github.com/advisories/GHSA-w8wr-v893-vjvp            │
└───────────────┴──────────────────────────────────────────────────────────────┘


┌───────────────┬──────────────────────────────────────────────────────────────┐
│ Critical      │ node-tar: Decompression/parse DoS via unlimited input        │
├───────────────┼──────────────────────────────────────────────────────────────┤
│ Package       │ tar                                                          │
├───────────────┼──────────────────────────────────────────────────────────────┤
│ Dependency of │ @angular/cli [dev]                                           │
├───────────────┼──────────────────────────────────────────────────────────────┤
│ Path          │ @angular/cli > pacote > cacache > tar                        │
├───────────────┼──────────────────────────────────────────────────────────────┤
│ More info     │ https://github.com/advisories/GHSA-23hp-3jrh-7fpw            │
└───────────────┴──────────────────────────────────────────────────────────────┘


┌───────────────┬──────────────────────────────────────────────────────────────┐
│ Critical      │ node-tar: Decompression/parse DoS via unlimited input        │
├───────────────┼──────────────────────────────────────────────────────────────┤
│ Package       │ tar                                                          │
├───────────────┼──────────────────────────────────────────────────────────────┤
│ Dependency of │ @angular/cli [dev]                                           │
├───────────────┼──────────────────────────────────────────────────────────────┤
│ Path          │ @angular/cli > pacote > @npmcli/run-script > node-gyp > tar  │
├───────────────┼──────────────────────────────────────────────────────────────┤
│ More info     │ https://github.com/advisories/GHSA-23hp-3jrh-7fpw            │
└───────────────┴──────────────────────────────────────────────────────────────┘


┌───────────────┬──────────────────────────────────────────────────────────────┐
│ Critical      │ node-tar: Decompression/parse DoS via unlimited input        │
├───────────────┼──────────────────────────────────────────────────────────────┤
│ Package       │ tar                                                          │
├───────────────┼──────────────────────────────────────────────────────────────┤
│ Dependency of │ @angular/cli [dev]                                           │
├───────────────┼──────────────────────────────────────────────────────────────┤
│ Path          │ @angular/cli > pacote > npm-registry-fetch >                 │
│               │ make-fetch-happen > cacache > tar                            │
├───────────────┼──────────────────────────────────────────────────────────────┤
│ More info     │ https://github.com/advisories/GHSA-23hp-3jrh-7fpw            │
└───────────────┴──────────────────────────────────────────────────────────────┘


┌───────────────┬──────────────────────────────────────────────────────────────┐
│ Critical      │ node-tar: Decompression/parse DoS via unlimited input        │
├───────────────┼──────────────────────────────────────────────────────────────┤
│ Package       │ tar                                                          │
├───────────────┼──────────────────────────────────────────────────────────────┤
│ Dependency of │ @angular/cli [dev]                                           │
├───────────────┼──────────────────────────────────────────────────────────────┤
│ Path          │ @angular/cli > pacote > @npmcli/run-script > node-gyp >      │
│               │ make-fetch-happen > cacache > tar                            │
├───────────────┼──────────────────────────────────────────────────────────────┤
│ More info     │ https://github.com/advisories/GHSA-23hp-3jrh-7fpw            │
└───────────────┴──────────────────────────────────────────────────────────────┘


┌───────────────┬──────────────────────────────────────────────────────────────┐
│ High          │ node-tar: Negative tar entry size causes infinite loop in    │
│               │ archive replace                                              │
├───────────────┼──────────────────────────────────────────────────────────────┤
│ Package       │ tar                                                          │
├───────────────┼──────────────────────────────────────────────────────────────┤
│ Dependency of │ @angular/cli [dev]                                           │
├───────────────┼──────────────────────────────────────────────────────────────┤
│ Path          │ @angular/cli > pacote > cacache > tar                        │
├───────────────┼──────────────────────────────────────────────────────────────┤
│ More info     │ https://github.com/advisories/GHSA-8x88-c5mf-7j5w            │
└───────────────┴──────────────────────────────────────────────────────────────┘


┌───────────────┬──────────────────────────────────────────────────────────────┐
│ High          │ node-tar: Negative tar entry size causes infinite loop in    │
│               │ archive replace                                              │
├───────────────┼──────────────────────────────────────────────────────────────┤
│ Package       │ tar                                                          │
├───────────────┼──────────────────────────────────────────────────────────────┤
│ Dependency of │ @angular/cli [dev]                                           │
├───────────────┼──────────────────────────────────────────────────────────────┤
│ Path          │ @angular/cli > pacote > @npmcli/run-script > node-gyp > tar  │
├───────────────┼──────────────────────────────────────────────────────────────┤
│ More info     │ https://github.com/advisories/GHSA-8x88-c5mf-7j5w            │
└───────────────┴──────────────────────────────────────────────────────────────┘


┌───────────────┬──────────────────────────────────────────────────────────────┐
│ High          │ node-tar: Negative tar entry size causes infinite loop in    │
│               │ archive replace                                              │
├───────────────┼──────────────────────────────────────────────────────────────┤
│ Package       │ tar                                                          │
├───────────────┼──────────────────────────────────────────────────────────────┤
│ Dependency of │ @angular/cli [dev]                                           │
├───────────────┼──────────────────────────────────────────────────────────────┤
│ Path          │ @angular/cli > pacote > npm-registry-fetch >                 │
│               │ make-fetch-happen > cacache > tar                            │
├───────────────┼──────────────────────────────────────────────────────────────┤
│ More info     │ https://github.com/advisories/GHSA-8x88-c5mf-7j5w            │
└───────────────┴──────────────────────────────────────────────────────────────┘


┌───────────────┬──────────────────────────────────────────────────────────────┐
│ High          │ node-tar: Negative tar entry size causes infinite loop in    │
│               │ archive replace                                              │
├───────────────┼──────────────────────────────────────────────────────────────┤
│ Package       │ tar                                                          │
├───────────────┼──────────────────────────────────────────────────────────────┤
│ Dependency of │ @angular/cli [dev]                                           │
├───────────────┼──────────────────────────────────────────────────────────────┤
│ Path          │ @angular/cli > pacote > @npmcli/run-script > node-gyp >      │
│               │ make-fetch-happen > cacache > tar                            │
├───────────────┼──────────────────────────────────────────────────────────────┤
│ More info     │ https://github.com/advisories/GHSA-8x88-c5mf-7j5w            │
└───────────────┴──────────────────────────────────────────────────────────────┘


┌───────────────┬──────────────────────────────────────────────────────────────┐
│ Moderate      │ node-tar: Uncaught Exception DoS via NUL byte in PAX         │
│               │ path/linkpath records                                        │
├───────────────┼──────────────────────────────────────────────────────────────┤
│ Package       │ tar                                                          │
├───────────────┼──────────────────────────────────────────────────────────────┤
│ Dependency of │ @angular/cli [dev]                                           │
├───────────────┼──────────────────────────────────────────────────────────────┤
│ Path          │ @angular/cli > pacote > cacache > tar                        │
├───────────────┼──────────────────────────────────────────────────────────────┤
│ More info     │ https://github.com/advisories/GHSA-gvwx-54wh-qm9j            │
└───────────────┴──────────────────────────────────────────────────────────────┘


┌───────────────┬──────────────────────────────────────────────────────────────┐
│ Moderate      │ node-tar: Uncaught Exception DoS via NUL byte in PAX         │
│               │ path/linkpath records                                        │
├───────────────┼──────────────────────────────────────────────────────────────┤
│ Package       │ tar                                                          │
├───────────────┼──────────────────────────────────────────────────────────────┤
│ Dependency of │ @angular/cli [dev]                                           │
├───────────────┼──────────────────────────────────────────────────────────────┤
│ Path          │ @angular/cli > pacote > @npmcli/run-script > node-gyp > tar  │
├───────────────┼──────────────────────────────────────────────────────────────┤
│ More info     │ https://github.com/advisories/GHSA-gvwx-54wh-qm9j            │
└───────────────┴──────────────────────────────────────────────────────────────┘


┌───────────────┬──────────────────────────────────────────────────────────────┐
│ Moderate      │ node-tar: Uncaught Exception DoS via NUL byte in PAX         │
│               │ path/linkpath records                                        │
├───────────────┼──────────────────────────────────────────────────────────────┤
│ Package       │ tar                                                          │
├───────────────┼──────────────────────────────────────────────────────────────┤
│ Dependency of │ @angular/cli [dev]                                           │
├───────────────┼──────────────────────────────────────────────────────────────┤
│ Path          │ @angular/cli > pacote > npm-registry-fetch >                 │
│               │ make-fetch-happen > cacache > tar                            │
├───────────────┼──────────────────────────────────────────────────────────────┤
│ More info     │ https://github.com/advisories/GHSA-gvwx-54wh-qm9j            │
└───────────────┴──────────────────────────────────────────────────────────────┘


┌───────────────┬──────────────────────────────────────────────────────────────┐
│ Moderate      │ node-tar: Uncaught Exception DoS via NUL byte in PAX         │
│               │ path/linkpath records                                        │
├───────────────┼──────────────────────────────────────────────────────────────┤
│ Package       │ tar                                                          │
├───────────────┼──────────────────────────────────────────────────────────────┤
│ Dependency of │ @angular/cli [dev]                                           │
├───────────────┼──────────────────────────────────────────────────────────────┤
│ Path          │ @angular/cli > pacote > @npmcli/run-script > node-gyp >      │
│               │ make-fetch-happen > cacache > tar                            │
├───────────────┼──────────────────────────────────────────────────────────────┤
│ More info     │ https://github.com/advisories/GHSA-gvwx-54wh-qm9j            │
└───────────────┴──────────────────────────────────────────────────────────────┘


┌───────────────┬──────────────────────────────────────────────────────────────┐
│ High          │ node-tar: Uncontrolled recursion in mapHas/filesFilter       │
│               │ allows uncatchable stack-overflow DoS via crafted long-path  │
│               │ tar with member selection                                    │
├───────────────┼──────────────────────────────────────────────────────────────┤
│ Package       │ tar                                                          │
├───────────────┼──────────────────────────────────────────────────────────────┤
│ Dependency of │ @angular/cli [dev]                                           │
├───────────────┼──────────────────────────────────────────────────────────────┤
│ Path          │ @angular/cli > pacote > cacache > tar                        │
├───────────────┼──────────────────────────────────────────────────────────────┤
│ More info     │ https://github.com/advisories/GHSA-r292-9mhp-454m            │
└───────────────┴──────────────────────────────────────────────────────────────┘


┌───────────────┬──────────────────────────────────────────────────────────────┐
│ High          │ node-tar: Uncontrolled recursion in mapHas/filesFilter       │
│               │ allows uncatchable stack-overflow DoS via crafted long-path  │
│               │ tar with member selection                                    │
├───────────────┼──────────────────────────────────────────────────────────────┤
│ Package       │ tar                                                          │
├───────────────┼──────────────────────────────────────────────────────────────┤
│ Dependency of │ @angular/cli [dev]                                           │
├───────────────┼──────────────────────────────────────────────────────────────┤
│ Path          │ @angular/cli > pacote > @npmcli/run-script > node-gyp > tar  │
├───────────────┼──────────────────────────────────────────────────────────────┤
│ More info     │ https://github.com/advisories/GHSA-r292-9mhp-454m            │
└───────────────┴──────────────────────────────────────────────────────────────┘


┌───────────────┬──────────────────────────────────────────────────────────────┐
│ High          │ node-tar: Uncontrolled recursion in mapHas/filesFilter       │
│               │ allows uncatchable stack-overflow DoS via crafted long-path  │
│               │ tar with member selection                                    │
├───────────────┼──────────────────────────────────────────────────────────────┤
│ Package       │ tar                                                          │
├───────────────┼──────────────────────────────────────────────────────────────┤
│ Dependency of │ @angular/cli [dev]                                           │
├───────────────┼──────────────────────────────────────────────────────────────┤
│ Path          │ @angular/cli > pacote > npm-registry-fetch >                 │
│               │ make-fetch-happen > cacache > tar                            │
├───────────────┼──────────────────────────────────────────────────────────────┤
│ More info     │ https://github.com/advisories/GHSA-r292-9mhp-454m            │
└───────────────┴──────────────────────────────────────────────────────────────┘


┌───────────────┬──────────────────────────────────────────────────────────────┐
│ High          │ node-tar: Uncontrolled recursion in mapHas/filesFilter       │
│               │ allows uncatchable stack-overflow DoS via crafted long-path  │
│               │ tar with member selection                                    │
├───────────────┼──────────────────────────────────────────────────────────────┤
│ Package       │ tar                                                          │
├───────────────┼──────────────────────────────────────────────────────────────┤
│ Dependency of │ @angular/cli [dev]                                           │
├───────────────┼──────────────────────────────────────────────────────────────┤
│ Path          │ @angular/cli > pacote > @npmcli/run-script > node-gyp >      │
│               │ make-fetch-happen > cacache > tar                            │
├───────────────┼──────────────────────────────────────────────────────────────┤
│ More info     │ https://github.com/advisories/GHSA-r292-9mhp-454m            │
└───────────────┴──────────────────────────────────────────────────────────────┘


┌───────────────┬──────────────────────────────────────────────────────────────┐
│ High          │ pacote is vulnerable to Denial of Service (DoS) via the      │
│               │ addGitSha function                                           │
├───────────────┼──────────────────────────────────────────────────────────────┤
│ Package       │ pacote                                                       │
├───────────────┼──────────────────────────────────────────────────────────────┤
│ Dependency of │ @angular/cli [dev]                                           │
├───────────────┼──────────────────────────────────────────────────────────────┤
│ Path          │ @angular/cli > pacote                                        │
├───────────────┼──────────────────────────────────────────────────────────────┤
│ More info     │ https://github.com/advisories/GHSA-w4pp-8pjf-rmxw            │
└───────────────┴──────────────────────────────────────────────────────────────┘


# Run  npm install --save-dev ng-packagr@22.1.1  to resolve 1 vulnerability
SEMVER WARNING: Recommended action is a potentially breaking change
┌───────────────┬──────────────────────────────────────────────────────────────┐
│ Moderate      │ decode-uri-component: Denial of service via exponential      │
│               │ decoding of malformed percent-encoded input                  │
├───────────────┼──────────────────────────────────────────────────────────────┤
│ Package       │ decode-uri-component                                         │
├───────────────┼──────────────────────────────────────────────────────────────┤
│ Dependency of │ ng-packagr [dev]                                             │
├───────────────┼──────────────────────────────────────────────────────────────┤
│ Path          │ ng-packagr > rollup-plugin-sourcemaps > source-map-resolve > │
│               │ decode-uri-component                                         │
├───────────────┼──────────────────────────────────────────────────────────────┤
│ More info     │ https://github.com/advisories/GHSA-vcc3-ghjq-m6fr            │
└───────────────┴──────────────────────────────────────────────────────────────┘


# Run  npm update webpack-dev-middleware --depth 3  to resolve 1 vulnerability
┌───────────────┬──────────────────────────────────────────────────────────────┐
│ High          │ Path traversal in webpack-dev-middleware                     │
├───────────────┼──────────────────────────────────────────────────────────────┤
│ Package       │ webpack-dev-middleware                                       │
├───────────────┼──────────────────────────────────────────────────────────────┤
│ Dependency of │ @angular-devkit/build-angular [dev]                          │
├───────────────┼──────────────────────────────────────────────────────────────┤
│ Path          │ @angular-devkit/build-angular > webpack-dev-server >         │
│               │ webpack-dev-middleware                                       │
├───────────────┼──────────────────────────────────────────────────────────────┤
│ More info     │ https://github.com/advisories/GHSA-wr3j-pwj9-hqq6            │
└───────────────┴──────────────────────────────────────────────────────────────┘


# Run  npm update ajv --depth 6  to resolve 2 vulnerabilities
┌───────────────┬──────────────────────────────────────────────────────────────┐
│ Moderate      │ ajv has ReDoS when using `$data` option                      │
├───────────────┼──────────────────────────────────────────────────────────────┤
│ Package       │ ajv                                                          │
├───────────────┼──────────────────────────────────────────────────────────────┤
│ Dependency of │ ng-packagr [dev]                                             │
├───────────────┼──────────────────────────────────────────────────────────────┤
│ Path          │ ng-packagr > ajv                                             │
├───────────────┼──────────────────────────────────────────────────────────────┤
│ More info     │ https://github.com/advisories/GHSA-2g4f-4pwh-qvx6            │
└───────────────┴──────────────────────────────────────────────────────────────┘


┌───────────────┬──────────────────────────────────────────────────────────────┐
│ Moderate      │ ajv has ReDoS when using `$data` option                      │
├───────────────┼──────────────────────────────────────────────────────────────┤
│ Package       │ ajv                                                          │
├───────────────┼──────────────────────────────────────────────────────────────┤
│ Dependency of │ @angular-devkit/build-angular [dev]                          │
├───────────────┼──────────────────────────────────────────────────────────────┤
│ Path          │ @angular-devkit/build-angular >                              │
│               │ @angular-devkit/build-webpack > @angular-devkit/architect >  │
│               │ @angular-devkit/core > ajv-formats > ajv                     │
├───────────────┼──────────────────────────────────────────────────────────────┤
│ More info     │ https://github.com/advisories/GHSA-2g4f-4pwh-qvx6            │
└───────────────┴──────────────────────────────────────────────────────────────┘


# Run  npm update postcss --depth 3  to resolve 4 vulnerabilities
┌───────────────┬──────────────────────────────────────────────────────────────┐
│ Moderate      │ PostCSS has XSS via Unescaped </style> in its CSS Stringify  │
│               │ Output                                                       │
├───────────────┼──────────────────────────────────────────────────────────────┤
│ Package       │ postcss                                                      │
├───────────────┼──────────────────────────────────────────────────────────────┤
│ Dependency of │ @angular-devkit/build-angular [dev]                          │
├───────────────┼──────────────────────────────────────────────────────────────┤
│ Path          │ @angular-devkit/build-angular > critters > postcss           │
├───────────────┼──────────────────────────────────────────────────────────────┤
│ More info     │ https://github.com/advisories/GHSA-qx2v-qp2m-jg93            │
└───────────────┴──────────────────────────────────────────────────────────────┘


┌───────────────┬──────────────────────────────────────────────────────────────┐
│ High          │ PostCSS: Arbitrary file read and information disclosure via  │
│               │ attacker-controlled sourceMappingURL in CSS comments         │
├───────────────┼──────────────────────────────────────────────────────────────┤
│ Package       │ postcss                                                      │
├───────────────┼──────────────────────────────────────────────────────────────┤
│ Dependency of │ @angular-devkit/build-angular [dev]                          │
├───────────────┼──────────────────────────────────────────────────────────────┤
│ Path          │ @angular-devkit/build-angular > critters > postcss           │
├───────────────┼──────────────────────────────────────────────────────────────┤
│ More info     │ https://github.com/advisories/GHSA-6g55-p6wh-862q            │
└───────────────┴──────────────────────────────────────────────────────────────┘


┌───────────────┬──────────────────────────────────────────────────────────────┐
│ Moderate      │ PostCSS: incomplete fix of GHSA-6g55-p6wh-862q —             │
│               │ attacker-controlled sourceMappingURL reads arbitrary .map    │
│               │ files when `from` is unset                                   │
├───────────────┼──────────────────────────────────────────────────────────────┤
│ Package       │ postcss                                                      │
├───────────────┼──────────────────────────────────────────────────────────────┤
│ Dependency of │ @angular-devkit/build-angular [dev]                          │
├───────────────┼──────────────────────────────────────────────────────────────┤
│ Path          │ @angular-devkit/build-angular > critters > postcss           │
├───────────────┼──────────────────────────────────────────────────────────────┤
│ More info     │ https://github.com/advisories/GHSA-fxqj-rqcc-2cmp            │
└───────────────┴──────────────────────────────────────────────────────────────┘


┌───────────────┬──────────────────────────────────────────────────────────────┐
│ High          │ PostCSS: Path Traversal in Previous Source Map Auto-Loading  │
│               │ (sourceMappingURL) leads to Arbitrary .map File Disclosure   │
├───────────────┼──────────────────────────────────────────────────────────────┤
│ Package       │ postcss                                                      │
├───────────────┼──────────────────────────────────────────────────────────────┤
│ Dependency of │ @angular-devkit/build-angular [dev]                          │
├───────────────┼──────────────────────────────────────────────────────────────┤
│ Path          │ @angular-devkit/build-angular > critters > postcss           │
├───────────────┼──────────────────────────────────────────────────────────────┤
│ More info     │ https://github.com/advisories/GHSA-r28c-9q8g-f849            │
└───────────────┴──────────────────────────────────────────────────────────────┘


# Run  npm update @babel/core --depth 4  to resolve 2 vulnerabilities
┌───────────────┬──────────────────────────────────────────────────────────────┐
│ Low           │ @babel/core: Arbitrary File Read via sourceMappingURL        │
│               │ Comment                                                      │
├───────────────┼──────────────────────────────────────────────────────────────┤
│ Package       │ @babel/core                                                  │
├───────────────┼──────────────────────────────────────────────────────────────┤
│ Dependency of │ karma-coverage [dev]                                         │
├───────────────┼──────────────────────────────────────────────────────────────┤
│ Path          │ karma-coverage > istanbul-lib-instrument > @babel/core       │
├───────────────┼──────────────────────────────────────────────────────────────┤
│ More info     │ https://github.com/advisories/GHSA-4x5r-pxfx-6jf8            │
└───────────────┴──────────────────────────────────────────────────────────────┘


┌───────────────┬──────────────────────────────────────────────────────────────┐
│ Low           │ @babel/core: Arbitrary File Read via sourceMappingURL        │
│               │ Comment                                                      │
├───────────────┼──────────────────────────────────────────────────────────────┤
│ Package       │ @babel/core                                                  │
├───────────────┼──────────────────────────────────────────────────────────────┤
│ Dependency of │ @angular-devkit/build-angular [dev]                          │
├───────────────┼──────────────────────────────────────────────────────────────┤
│ Path          │ @angular-devkit/build-angular > babel-plugin-istanbul >      │
│               │ istanbul-lib-instrument > @babel/core                        │
├───────────────┼──────────────────────────────────────────────────────────────┤
│ More info     │ https://github.com/advisories/GHSA-4x5r-pxfx-6jf8            │
└───────────────┴──────────────────────────────────────────────────────────────┘


┌──────────────────────────────────────────────────────────────────────────────┐
│                                Manual Review                                 │
│            Some vulnerabilities require your attention to resolve            │
│                                                                              │
│         Visit https://go.npm.me/audit-guide for additional guidance          │
└──────────────────────────────────────────────────────────────────────────────┘
┌───────────────┬──────────────────────────────────────────────────────────────┐
│ High          │ Angular i18n vulnerable to Cross-Site Scripting              │
├───────────────┼──────────────────────────────────────────────────────────────┤
│ Package       │ @angular/core                                                │
├───────────────┼──────────────────────────────────────────────────────────────┤
│ Patched in    │ No patch available                                           │
├───────────────┼──────────────────────────────────────────────────────────────┤
│ Dependency of │ @angular/core                                                │
├───────────────┼──────────────────────────────────────────────────────────────┤
│ Path          │ @angular/core                                                │
├───────────────┼──────────────────────────────────────────────────────────────┤
│ More info     │ https://github.com/advisories/GHSA-prjf-86w9-mfqv            │
└───────────────┴──────────────────────────────────────────────────────────────┘
┌───────────────┬──────────────────────────────────────────────────────────────┐
│ High          │ Angular has XSS Vulnerability via Unsanitized SVG Script     │
│               │ Attributes                                                   │
├───────────────┼──────────────────────────────────────────────────────────────┤
│ Package       │ @angular/core                                                │
├───────────────┼──────────────────────────────────────────────────────────────┤
│ Patched in    │ No patch available                                           │
├───────────────┼──────────────────────────────────────────────────────────────┤
│ Dependency of │ @angular/core                                                │
├───────────────┼──────────────────────────────────────────────────────────────┤
│ Path          │ @angular/core                                                │
├───────────────┼──────────────────────────────────────────────────────────────┤
│ More info     │ https://github.com/advisories/GHSA-jrmj-c5cx-3cw6            │
└───────────────┴──────────────────────────────────────────────────────────────┘
┌───────────────┬──────────────────────────────────────────────────────────────┐
│ Moderate      │ Angular: Template and Attribute Namespace Sanitization       │
│               │ Bypass (XSS)                                                 │
├───────────────┼──────────────────────────────────────────────────────────────┤
│ Package       │ @angular/core                                                │
├───────────────┼──────────────────────────────────────────────────────────────┤
│ Patched in    │ No patch available                                           │
├───────────────┼──────────────────────────────────────────────────────────────┤
│ Dependency of │ @angular/core                                                │
├───────────────┼──────────────────────────────────────────────────────────────┤
│ Path          │ @angular/core                                                │
├───────────────┼──────────────────────────────────────────────────────────────┤
│ More info     │ https://github.com/advisories/GHSA-f3m7-gqxr-g87x            │
└───────────────┴──────────────────────────────────────────────────────────────┘
┌───────────────┬──────────────────────────────────────────────────────────────┐
│ Moderate      │ @angular/core: Angular Template and Dynamic Component        │
│               │ Namespace Bypass leading to Cross-Site Scripting (XSS)       │
├───────────────┼──────────────────────────────────────────────────────────────┤
│ Package       │ @angular/core                                                │
├───────────────┼──────────────────────────────────────────────────────────────┤
│ Patched in    │ No patch available                                           │
├───────────────┼──────────────────────────────────────────────────────────────┤
│ Dependency of │ @angular/core                                                │
├───────────────┼──────────────────────────────────────────────────────────────┤
│ Path          │ @angular/core                                                │
├───────────────┼──────────────────────────────────────────────────────────────┤
│ More info     │ https://github.com/advisories/GHSA-692r-grfm-v8x7            │
└───────────────┴──────────────────────────────────────────────────────────────┘
┌───────────────┬──────────────────────────────────────────────────────────────┐
│ High          │ Angular Client Hydration DOM Clobbering & Response-Cache     │
│               │ Poisoning                                                    │
├───────────────┼──────────────────────────────────────────────────────────────┤
│ Package       │ @angular/core                                                │
├───────────────┼──────────────────────────────────────────────────────────────┤
│ Patched in    │ No patch available                                           │
├───────────────┼──────────────────────────────────────────────────────────────┤
│ Dependency of │ @angular/core                                                │
├───────────────┼──────────────────────────────────────────────────────────────┤
│ Path          │ @angular/core                                                │
├───────────────┼──────────────────────────────────────────────────────────────┤
│ More info     │ https://github.com/advisories/GHSA-rgjc-h3x7-9mwg            │
└───────────────┴──────────────────────────────────────────────────────────────┘
┌───────────────┬──────────────────────────────────────────────────────────────┐
│ High          │ Angular i18n: Cross-Site Scripting (XSS) via event-handler   │
│               │ attributes                                                   │
├───────────────┼──────────────────────────────────────────────────────────────┤
│ Package       │ @angular/core                                                │
├───────────────┼──────────────────────────────────────────────────────────────┤
│ Patched in    │ No patch available                                           │
├───────────────┼──────────────────────────────────────────────────────────────┤
│ Dependency of │ @angular/core                                                │
├───────────────┼──────────────────────────────────────────────────────────────┤
│ Path          │ @angular/core                                                │
├───────────────┼──────────────────────────────────────────────────────────────┤
│ More info     │ https://github.com/advisories/GHSA-jj27-h5hq-8x99            │
└───────────────┴──────────────────────────────────────────────────────────────┘
┌───────────────┬──────────────────────────────────────────────────────────────┐
│ Moderate      │ uuid: Missing buffer bounds check in v3/v5/v6 when buf is    │
│               │ provided                                                     │
├───────────────┼──────────────────────────────────────────────────────────────┤
│ Package       │ uuid                                                         │
├───────────────┼──────────────────────────────────────────────────────────────┤
│ Patched in    │ >=11.1.1                                                     │
├───────────────┼──────────────────────────────────────────────────────────────┤
│ Dependency of │ @angular-devkit/build-angular [dev]                          │
├───────────────┼──────────────────────────────────────────────────────────────┤
│ Path          │ @angular-devkit/build-angular > webpack-dev-server > sockjs  │
│               │ > uuid                                                       │
├───────────────┼──────────────────────────────────────────────────────────────┤
│ More info     │ https://github.com/advisories/GHSA-w5hq-g745-h8pq            │
└───────────────┴──────────────────────────────────────────────────────────────┘
┌───────────────┬──────────────────────────────────────────────────────────────┐
│ High          │ Angular has XSS Vulnerability via Unsanitized SVG Script     │
│               │ Attributes                                                   │
├───────────────┼──────────────────────────────────────────────────────────────┤
│ Package       │ @angular/compiler                                            │
├───────────────┼──────────────────────────────────────────────────────────────┤
│ Patched in    │ No patch available                                           │
├───────────────┼──────────────────────────────────────────────────────────────┤
│ Dependency of │ @angular/compiler                                            │
├───────────────┼──────────────────────────────────────────────────────────────┤
│ Path          │ @angular/compiler                                            │
├───────────────┼──────────────────────────────────────────────────────────────┤
│ More info     │ https://github.com/advisories/GHSA-jrmj-c5cx-3cw6            │
└───────────────┴──────────────────────────────────────────────────────────────┘
┌───────────────┬──────────────────────────────────────────────────────────────┐
│ High          │ Angular Stored XSS Vulnerability via SVG Animation, SVG URL  │
│               │ and MathML Attributes                                        │
├───────────────┼──────────────────────────────────────────────────────────────┤
│ Package       │ @angular/compiler                                            │
├───────────────┼──────────────────────────────────────────────────────────────┤
│ Patched in    │ No patch available                                           │
├───────────────┼──────────────────────────────────────────────────────────────┤
│ Dependency of │ @angular/compiler                                            │
├───────────────┼──────────────────────────────────────────────────────────────┤
│ Path          │ @angular/compiler                                            │
├───────────────┼──────────────────────────────────────────────────────────────┤
│ More info     │ https://github.com/advisories/GHSA-v4hv-rgfq-gp49            │
└───────────────┴──────────────────────────────────────────────────────────────┘
┌───────────────┬──────────────────────────────────────────────────────────────┐
│ Moderate      │ @angular/compiler: Two-Way Property Binding Sanitization     │
│               │ Bypass (XSS)                                                 │
├───────────────┼──────────────────────────────────────────────────────────────┤
│ Package       │ @angular/compiler                                            │
├───────────────┼──────────────────────────────────────────────────────────────┤
│ Patched in    │ No patch available                                           │
├───────────────┼──────────────────────────────────────────────────────────────┤
│ Dependency of │ @angular/compiler                                            │
├───────────────┼──────────────────────────────────────────────────────────────┤
│ Path          │ @angular/compiler                                            │
├───────────────┼──────────────────────────────────────────────────────────────┤
│ More info     │ https://github.com/advisories/GHSA-58w9-8g37-x9v5            │
└───────────────┴──────────────────────────────────────────────────────────────┘
┌───────────────┬──────────────────────────────────────────────────────────────┐
│ Moderate      │ Angular: Template and Attribute Namespace Sanitization       │
│               │ Bypass (XSS)                                                 │
├───────────────┼──────────────────────────────────────────────────────────────┤
│ Package       │ @angular/compiler                                            │
├───────────────┼──────────────────────────────────────────────────────────────┤
│ Patched in    │ No patch available                                           │
├───────────────┼──────────────────────────────────────────────────────────────┤
│ Dependency of │ @angular/compiler                                            │
├───────────────┼──────────────────────────────────────────────────────────────┤
│ Path          │ @angular/compiler                                            │
├───────────────┼──────────────────────────────────────────────────────────────┤
│ More info     │ https://github.com/advisories/GHSA-f3m7-gqxr-g87x            │
└───────────────┴──────────────────────────────────────────────────────────────┘
┌───────────────┬──────────────────────────────────────────────────────────────┐
│ High          │ Angular i18n: Cross-Site Scripting (XSS) via event-handler   │
│               │ attributes                                                   │
├───────────────┼──────────────────────────────────────────────────────────────┤
│ Package       │ @angular/compiler                                            │
├───────────────┼──────────────────────────────────────────────────────────────┤
│ Patched in    │ No patch available                                           │
├───────────────┼──────────────────────────────────────────────────────────────┤
│ Dependency of │ @angular/compiler                                            │
├───────────────┼──────────────────────────────────────────────────────────────┤
│ Path          │ @angular/compiler                                            │
├───────────────┼──────────────────────────────────────────────────────────────┤
│ More info     │ https://github.com/advisories/GHSA-jj27-h5hq-8x99            │
└───────────────┴──────────────────────────────────────────────────────────────┘
┌───────────────┬──────────────────────────────────────────────────────────────┐
│ High          │ Angular is Vulnerable to XSRF Token Leakage via              │
│               │ Protocol-Relative URLs in Angular HTTP Client                │
├───────────────┼──────────────────────────────────────────────────────────────┤
│ Package       │ @angular/common                                              │
├───────────────┼──────────────────────────────────────────────────────────────┤
│ Patched in    │ >=19.2.16                                                    │
├───────────────┼──────────────────────────────────────────────────────────────┤
│ Dependency of │ @angular/common                                              │
├───────────────┼──────────────────────────────────────────────────────────────┤
│ Path          │ @angular/common                                              │
├───────────────┼──────────────────────────────────────────────────────────────┤
│ More info     │ https://github.com/advisories/GHSA-58c5-g7wp-6w37            │
└───────────────┴──────────────────────────────────────────────────────────────┘
┌───────────────┬──────────────────────────────────────────────────────────────┐
│ High          │ @angular/common: Denial of Service (DoS) via OOM in Date     │
│               │ Formatting (formatDate)                                      │
├───────────────┼──────────────────────────────────────────────────────────────┤
│ Package       │ @angular/common                                              │
├───────────────┼──────────────────────────────────────────────────────────────┤
│ Patched in    │ No patch available                                           │
├───────────────┼──────────────────────────────────────────────────────────────┤
│ Dependency of │ @angular/common                                              │
├───────────────┼──────────────────────────────────────────────────────────────┤
│ Path          │ @angular/common                                              │
├───────────────┼──────────────────────────────────────────────────────────────┤
│ More info     │ https://github.com/advisories/GHSA-48r7-hpm6-gfxm            │
└───────────────┴──────────────────────────────────────────────────────────────┘
┌───────────────┬──────────────────────────────────────────────────────────────┐
│ High          │ @angular/common: Weak 32-Bit Cache Key Hashing in            │
│               │ `HttpTransferCache` Leading to Cross-Request Data Leakage    │
│               │ and State Poisoning                                          │
├───────────────┼──────────────────────────────────────────────────────────────┤
│ Package       │ @angular/common                                              │
├───────────────┼──────────────────────────────────────────────────────────────┤
│ Patched in    │ No patch available                                           │
├───────────────┼──────────────────────────────────────────────────────────────┤
│ Dependency of │ @angular/common                                              │
├───────────────┼──────────────────────────────────────────────────────────────┤
│ Path          │ @angular/common                                              │
├───────────────┼──────────────────────────────────────────────────────────────┤
│ More info     │ https://github.com/advisories/GHSA-39pv-4j6c-2g6v            │
└───────────────┴──────────────────────────────────────────────────────────────┘
┌───────────────┬──────────────────────────────────────────────────────────────┐
│ High          │ @angular/common: Denial of Service (DoS) via OOM in Number   │
│               │ Formatting (digitsInfo)                                      │
├───────────────┼──────────────────────────────────────────────────────────────┤
│ Package       │ @angular/common                                              │
├───────────────┼──────────────────────────────────────────────────────────────┤
│ Patched in    │ No patch available                                           │
├───────────────┼──────────────────────────────────────────────────────────────┤
│ Dependency of │ @angular/common                                              │
├───────────────┼──────────────────────────────────────────────────────────────┤
│ Path          │ @angular/common                                              │
├───────────────┼──────────────────────────────────────────────────────────────┤
│ More info     │ https://github.com/advisories/GHSA-p3vc-36g9-x9gr            │
└───────────────┴──────────────────────────────────────────────────────────────┘
┌───────────────┬──────────────────────────────────────────────────────────────┐
│ High          │ @angular/common: Information Leak via Default Caching of     │
│               │ Credentialed Requests in HttpTransferCache                   │
├───────────────┼──────────────────────────────────────────────────────────────┤
│ Package       │ @angular/common                                              │
├───────────────┼──────────────────────────────────────────────────────────────┤
│ Patched in    │ No patch available                                           │
├───────────────┼──────────────────────────────────────────────────────────────┤
│ Dependency of │ @angular/common                                              │
├───────────────┼──────────────────────────────────────────────────────────────┤
│ Path          │ @angular/common                                              │
├───────────────┼──────────────────────────────────────────────────────────────┤
│ More info     │ https://github.com/advisories/GHSA-q6f4-qqrg-jv6x            │
└───────────────┴──────────────────────────────────────────────────────────────┘
┌───────────────┬──────────────────────────────────────────────────────────────┐
│ High          │ Angular: Cache-Key Ambiguity in HttpTransferCache Leading to │
│               │ Cross-Request Response Reuse and State Poisoning             │
├───────────────┼──────────────────────────────────────────────────────────────┤
│ Package       │ @angular/common                                              │
├───────────────┼──────────────────────────────────────────────────────────────┤
│ Patched in    │ No patch available                                           │
├───────────────┼──────────────────────────────────────────────────────────────┤
│ Dependency of │ @angular/common                                              │
├───────────────┼──────────────────────────────────────────────────────────────┤
│ Path          │ @angular/common                                              │
├───────────────┼──────────────────────────────────────────────────────────────┤
│ More info     │ https://github.com/advisories/GHSA-jhpw-976m-542j            │
└───────────────┴──────────────────────────────────────────────────────────────┘
┌───────────────┬──────────────────────────────────────────────────────────────┐
│ High          │ image-size: ICNS parser allows denial of service through an  │
│               │ infinite loop                                                │
├───────────────┼──────────────────────────────────────────────────────────────┤
│ Package       │ image-size                                                   │
├───────────────┼──────────────────────────────────────────────────────────────┤
│ Patched in    │ No patch available                                           │
├───────────────┼──────────────────────────────────────────────────────────────┤
│ Dependency of │ @angular-devkit/build-angular [dev]                          │
├───────────────┼──────────────────────────────────────────────────────────────┤
│ Path          │ @angular-devkit/build-angular > less > image-size            │
├───────────────┼──────────────────────────────────────────────────────────────┤
│ More info     │ https://github.com/advisories/GHSA-w3rx-r6r6-pgpr            │
└───────────────┴──────────────────────────────────────────────────────────────┘
┌───────────────┬──────────────────────────────────────────────────────────────┐
│ High          │ image-size: JXL and HEIF parsers allow denial of service     │
│               │ through infinite loops                                       │
├───────────────┼──────────────────────────────────────────────────────────────┤
│ Package       │ image-size                                                   │
├───────────────┼──────────────────────────────────────────────────────────────┤
│ Patched in    │ No patch available                                           │
├───────────────┼──────────────────────────────────────────────────────────────┤
│ Dependency of │ @angular-devkit/build-angular [dev]                          │
├───────────────┼──────────────────────────────────────────────────────────────┤
│ Path          │ @angular-devkit/build-angular > less > image-size            │
├───────────────┼──────────────────────────────────────────────────────────────┤
│ More info     │ https://github.com/advisories/GHSA-5p2g-fcmc-qvqq            │
└───────────────┴──────────────────────────────────────────────────────────────┘
┌───────────────┬──────────────────────────────────────────────────────────────┐
│ Moderate      │ qs array-limit bypass via bracket-key comma parsing          │
├───────────────┼──────────────────────────────────────────────────────────────┤
│ Package       │ qs                                                           │
├───────────────┼──────────────────────────────────────────────────────────────┤
│ Patched in    │ >=6.16.0                                                     │
├───────────────┼──────────────────────────────────────────────────────────────┤
│ Dependency of │ @angular-devkit/build-angular [dev]                          │
├───────────────┼──────────────────────────────────────────────────────────────┤
│ Path          │ @angular-devkit/build-angular > webpack-dev-server > express │
│               │ > qs                                                         │
├───────────────┼──────────────────────────────────────────────────────────────┤
│ More info     │ https://github.com/advisories/GHSA-x5fp-wj9c-mxmx            │
└───────────────┴──────────────────────────────────────────────────────────────┘
┌───────────────┬──────────────────────────────────────────────────────────────┐
│ Moderate      │ qs: Denial of Service via Attacker Controlled isBuffer       │
├───────────────┼──────────────────────────────────────────────────────────────┤
│ Package       │ qs                                                           │
├───────────────┼──────────────────────────────────────────────────────────────┤
│ Patched in    │ >=6.16.0                                                     │
├───────────────┼──────────────────────────────────────────────────────────────┤
│ Dependency of │ @angular-devkit/build-angular [dev]                          │
├───────────────┼──────────────────────────────────────────────────────────────┤
│ Path          │ @angular-devkit/build-angular > webpack-dev-server > express │
│               │ > qs                                                         │
├───────────────┼──────────────────────────────────────────────────────────────┤
│ More info     │ https://github.com/advisories/GHSA-4mjr-xmp4-gh2g            │
└───────────────┴──────────────────────────────────────────────────────────────┘
found 139 vulnerabilities (7 low, 43 moderate, 84 high, 5 critical) in 1083 scanned packages
  run `npm audit fix` to fix 9 of them.
  108 vulnerabilities require semver-major dependency updates.
  22 vulnerabilities require manual review. See the full report for details.
exit=1
